message;severity;node;stamp;location
"Oh no! I hit the wall! (Clamping from [x=11.120889, y=5.544445])";"30";"turtlesim3.sim";"1694973929.098538441";"/home/hotinfdensedot/ros2_ws/src/ros_tutorials/turtlesim/src/turtle.cpp:update:260"
"Oh no! I hit the wall! (Clamping from [x=11.120889, y=5.544445])";"30";"turtlesim2.sim";"1694973929.082749219";"/home/hotinfdensedot/ros2_ws/src/ros_tutorials/turtlesim/src/turtle.cpp:update:260"
"Oh no! I hit the wall! (Clamping from [x=11.120889, y=5.544445])";"30";"turtlesim3.sim";"1694973929.082242508";"/home/hotinfdensedot/ros2_ws/src/ros_tutorials/turtlesim/src/turtle.cpp:update:260"
"Oh no! I hit the wall! (Clamping from [x=11.120889, y=5.544445])";"30";"turtlesim1.sim";"1694973929.067165234";"/home/hotinfdensedot/ros2_ws/src/ros_tutorials/turtlesim/src/turtle.cpp:update:260"
"Oh no! I hit the wall! (Clamping from [x=11.120889, y=5.544445])";"30";"turtlesim2.sim";"1694973929.067160582";"/home/hotinfdensedot/ros2_ws/src/ros_tutorials/turtlesim/src/turtle.cpp:update:260"
"Oh no! I hit the wall! (Clamping from [x=11.120889, y=5.544445])";"30";"turtlesim3.sim";"1694973929.066904994";"/home/hotinfdensedot/ros2_ws/src/ros_tutorials/turtlesim/src/turtle.cpp:update:260"
"Oh no! I hit the wall! (Clamping from [x=11.120889, y=5.544445])";"30";"turtlesim3.sim";"1694973929.050678222";"/home/hotinfdensedot/ros2_ws/src/ros_tutorials/turtlesim/src/turtle.cpp:update:260"
"Oh no! I hit the wall! (Clamping from [x=11.120889, y=5.544445])";"30";"turtlesim1.sim";"1694973929.050548617";"/home/hotinfdensedot/ros2_ws/src/ros_tutorials/turtlesim/src/turtle.cpp:update:260"
"Oh no! I hit the wall! (Clamping from [x=11.120889, y=5.544445])";"30";"turtlesim2.sim";"1694973929.050547138";"/home/hotinfdensedot/ros2_ws/src/ros_tutorials/turtlesim/src/turtle.cpp:update:260"
"Oh no! I hit the wall! (Clamping from [x=11.120889, y=5.544445])";"30";"turtlesim1.sim";"1694973929.034886525";"/home/hotinfdensedot/ros2_ws/src/ros_tutorials/turtlesim/src/turtle.cpp:update:260"
"Oh no! I hit the wall! (Clamping from [x=11.120889, y=5.544445])";"30";"turtlesim2.sim";"1694973929.034880555";"/home/hotinfdensedot/ros2_ws/src/ros_tutorials/turtlesim/src/turtle.cpp:update:260"
"Oh no! I hit the wall! (Clamping from [x=11.120889, y=5.544445])";"30";"turtlesim3.sim";"1694973929.034507106";"/home/hotinfdensedot/ros2_ws/src/ros_tutorials/turtlesim/src/turtle.cpp:update:260"
"Oh no! I hit the wall! (Clamping from [x=11.120889, y=5.544445])";"30";"turtlesim3.sim";"1694973929.018326065";"/home/hotinfdensedot/ros2_ws/src/ros_tutorials/turtlesim/src/turtle.cpp:update:260"
"Oh no! I hit the wall! (Clamping from [x=11.120889, y=5.544445])";"30";"turtlesim1.sim";"1694973929.018276982";"/home/hotinfdensedot/ros2_ws/src/ros_tutorials/turtlesim/src/turtle.cpp:update:260"
"Oh no! I hit the wall! (Clamping from [x=11.120889, y=5.544445])";"30";"turtlesim2.sim";"1694973929.018274991";"/home/hotinfdensedot/ros2_ws/src/ros_tutorials/turtlesim/src/turtle.cpp:update:260"
"Oh no! I hit the wall! (Clamping from [x=11.120889, y=5.544445])";"30";"turtlesim1.sim";"1694973929.002611409";"/home/hotinfdensedot/ros2_ws/src/ros_tutorials/turtlesim/src/turtle.cpp:update:260"
"Oh no! I hit the wall! (Clamping from [x=11.120889, y=5.544445])";"30";"turtlesim2.sim";"1694973929.002605555";"/home/hotinfdensedot/ros2_ws/src/ros_tutorials/turtlesim/src/turtle.cpp:update:260"
"Oh no! I hit the wall! (Clamping from [x=11.120889, y=5.544445])";"30";"turtlesim3.sim";"1694973929.002101891";"/home/hotinfdensedot/ros2_ws/src/ros_tutorials/turtlesim/src/turtle.cpp:update:260"
"Oh no! I hit the wall! (Clamping from [x=11.120889, y=5.544445])";"30";"turtlesim1.sim";"1694973928.987009350";"/home/hotinfdensedot/ros2_ws/src/ros_tutorials/turtlesim/src/turtle.cpp:update:260"
"Oh no! I hit the wall! (Clamping from [x=11.120889, y=5.544445])";"30";"turtlesim2.sim";"1694973928.987003084";"/home/hotinfdensedot/ros2_ws/src/ros_tutorials/turtlesim/src/turtle.cpp:update:260"
"Oh no! I hit the wall! (Clamping from [x=11.120889, y=5.544445])";"30";"turtlesim3.sim";"1694973928.986846966";"/home/hotinfdensedot/ros2_ws/src/ros_tutorials/turtlesim/src/turtle.cpp:update:260"
"Oh no! I hit the wall! (Clamping from [x=11.120889, y=5.544445])";"30";"turtlesim3.sim";"1694973928.970601159";"/home/hotinfdensedot/ros2_ws/src/ros_tutorials/turtlesim/src/turtle.cpp:update:260"
"Oh no! I hit the wall! (Clamping from [x=11.120889, y=5.544445])";"30";"turtlesim1.sim";"1694973928.970402395";"/home/hotinfdensedot/ros2_ws/src/ros_tutorials/turtlesim/src/turtle.cpp:update:260"
"Oh no! I hit the wall! (Clamping from [x=11.120889, y=5.544445])";"30";"turtlesim2.sim";"1694973928.970397705";"/home/hotinfdensedot/ros2_ws/src/ros_tutorials/turtlesim/src/turtle.cpp:update:260"
"Oh no! I hit the wall! (Clamping from [x=11.120889, y=5.544445])";"30";"turtlesim1.sim";"1694973928.954813365";"/home/hotinfdensedot/ros2_ws/src/ros_tutorials/turtlesim/src/turtle.cpp:update:260"
"Oh no! I hit the wall! (Clamping from [x=11.120889, y=5.544445])";"30";"turtlesim2.sim";"1694973928.954808676";"/home/hotinfdensedot/ros2_ws/src/ros_tutorials/turtlesim/src/turtle.cpp:update:260"
"Oh no! I hit the wall! (Clamping from [x=11.120889, y=5.544445])";"30";"turtlesim3.sim";"1694973928.954282116";"/home/hotinfdensedot/ros2_ws/src/ros_tutorials/turtlesim/src/turtle.cpp:update:260"
"Oh no! I hit the wall! (Clamping from [x=11.120889, y=5.544445])";"30";"turtlesim1.sim";"1694973928.938252266";"/home/hotinfdensedot/ros2_ws/src/ros_tutorials/turtlesim/src/turtle.cpp:update:260"
"Oh no! I hit the wall! (Clamping from [x=11.120889, y=5.544445])";"30";"turtlesim2.sim";"1694973928.938248620";"/home/hotinfdensedot/ros2_ws/src/ros_tutorials/turtlesim/src/turtle.cpp:update:260"
"Oh no! I hit the wall! (Clamping from [x=11.120889, y=5.544445])";"30";"turtlesim3.sim";"1694973928.937941474";"/home/hotinfdensedot/ros2_ws/src/ros_tutorials/turtlesim/src/turtle.cpp:update:260"
"Oh no! I hit the wall! (Clamping from [x=11.120889, y=5.544445])";"30";"turtlesim3.sim";"1694973928.922751678";"/home/hotinfdensedot/ros2_ws/src/ros_tutorials/turtlesim/src/turtle.cpp:update:260"
"Oh no! I hit the wall! (Clamping from [x=11.120889, y=5.544445])";"30";"turtlesim1.sim";"1694973928.922628534";"/home/hotinfdensedot/ros2_ws/src/ros_tutorials/turtlesim/src/turtle.cpp:update:260"
"Oh no! I hit the wall! (Clamping from [x=11.120889, y=5.544445])";"30";"turtlesim2.sim";"1694973928.922626979";"/home/hotinfdensedot/ros2_ws/src/ros_tutorials/turtlesim/src/turtle.cpp:update:260"
"Oh no! I hit the wall! (Clamping from [x=11.120889, y=5.544445])";"30";"turtlesim1.sim";"1694973928.906974698";"/home/hotinfdensedot/ros2_ws/src/ros_tutorials/turtlesim/src/turtle.cpp:update:260"
"Oh no! I hit the wall! (Clamping from [x=11.120889, y=5.544445])";"30";"turtlesim2.sim";"1694973928.906969661";"/home/hotinfdensedot/ros2_ws/src/ros_tutorials/turtlesim/src/turtle.cpp:update:260"
"Oh no! I hit the wall! (Clamping from [x=11.120889, y=5.544445])";"30";"turtlesim3.sim";"1694973928.906559041";"/home/hotinfdensedot/ros2_ws/src/ros_tutorials/turtlesim/src/turtle.cpp:update:260"
"Oh no! I hit the wall! (Clamping from [x=11.120889, y=5.544445])";"30";"turtlesim1.sim";"1694973928.890379933";"/home/hotinfdensedot/ros2_ws/src/ros_tutorials/turtlesim/src/turtle.cpp:update:260"
"Oh no! I hit the wall! (Clamping from [x=11.120889, y=5.544445])";"30";"turtlesim2.sim";"1694973928.890376347";"/home/hotinfdensedot/ros2_ws/src/ros_tutorials/turtlesim/src/turtle.cpp:update:260"
"Oh no! I hit the wall! (Clamping from [x=11.120889, y=5.544445])";"30";"turtlesim3.sim";"1694973928.890329551";"/home/hotinfdensedot/ros2_ws/src/ros_tutorials/turtlesim/src/turtle.cpp:update:260"
"Oh no! I hit the wall! (Clamping from [x=11.120889, y=5.544445])";"30";"turtlesim2.sim";"1694973928.874744208";"/home/hotinfdensedot/ros2_ws/src/ros_tutorials/turtlesim/src/turtle.cpp:update:260"
"Oh no! I hit the wall! (Clamping from [x=11.120889, y=5.544445])";"30";"turtlesim1.sim";"1694973928.874748025";"/home/hotinfdensedot/ros2_ws/src/ros_tutorials/turtlesim/src/turtle.cpp:update:260"
"Oh no! I hit the wall! (Clamping from [x=11.120889, y=5.544445])";"30";"turtlesim3.sim";"1694973928.874104648";"/home/hotinfdensedot/ros2_ws/src/ros_tutorials/turtlesim/src/turtle.cpp:update:260"
"Oh no! I hit the wall! (Clamping from [x=11.120889, y=5.544445])";"30";"turtlesim1.sim";"1694973928.859158163";"/home/hotinfdensedot/ros2_ws/src/ros_tutorials/turtlesim/src/turtle.cpp:update:260"
"Oh no! I hit the wall! (Clamping from [x=11.120889, y=5.544445])";"30";"turtlesim2.sim";"1694973928.859153814";"/home/hotinfdensedot/ros2_ws/src/ros_tutorials/turtlesim/src/turtle.cpp:update:260"
"Oh no! I hit the wall! (Clamping from [x=11.120889, y=5.544445])";"30";"turtlesim3.sim";"1694973928.858856237";"/home/hotinfdensedot/ros2_ws/src/ros_tutorials/turtlesim/src/turtle.cpp:update:260"
"Oh no! I hit the wall! (Clamping from [x=11.120889, y=5.544445])";"30";"turtlesim3.sim";"1694973928.842609225";"/home/hotinfdensedot/ros2_ws/src/ros_tutorials/turtlesim/src/turtle.cpp:update:260"
"Oh no! I hit the wall! (Clamping from [x=11.120889, y=5.544445])";"30";"turtlesim1.sim";"1694973928.842552010";"/home/hotinfdensedot/ros2_ws/src/ros_tutorials/turtlesim/src/turtle.cpp:update:260"
"Oh no! I hit the wall! (Clamping from [x=11.120889, y=5.544445])";"30";"turtlesim2.sim";"1694973928.842552035";"/home/hotinfdensedot/ros2_ws/src/ros_tutorials/turtlesim/src/turtle.cpp:update:260"
"Oh no! I hit the wall! (Clamping from [x=11.120889, y=5.544445])";"30";"turtlesim1.sim";"1694973928.826902996";"/home/hotinfdensedot/ros2_ws/src/ros_tutorials/turtlesim/src/turtle.cpp:update:260"
"Oh no! I hit the wall! (Clamping from [x=11.120889, y=5.544445])";"30";"turtlesim2.sim";"1694973928.826899441";"/home/hotinfdensedot/ros2_ws/src/ros_tutorials/turtlesim/src/turtle.cpp:update:260"
"Oh no! I hit the wall! (Clamping from [x=11.120889, y=5.544445])";"30";"turtlesim3.sim";"1694973928.826422198";"/home/hotinfdensedot/ros2_ws/src/ros_tutorials/turtlesim/src/turtle.cpp:update:260"
"Oh no! I hit the wall! (Clamping from [x=11.120889, y=5.544445])";"30";"turtlesim1.sim";"1694973928.810306516";"/home/hotinfdensedot/ros2_ws/src/ros_tutorials/turtlesim/src/turtle.cpp:update:260"
"Oh no! I hit the wall! (Clamping from [x=11.120889, y=5.544445])";"30";"turtlesim2.sim";"1694973928.810301989";"/home/hotinfdensedot/ros2_ws/src/ros_tutorials/turtlesim/src/turtle.cpp:update:260"
"Oh no! I hit the wall! (Clamping from [x=11.120889, y=5.544445])";"30";"turtlesim3.sim";"1694973928.810224183";"/home/hotinfdensedot/ros2_ws/src/ros_tutorials/turtlesim/src/turtle.cpp:update:260"
"Oh no! I hit the wall! (Clamping from [x=11.120889, y=5.544445])";"30";"turtlesim3.sim";"1694973928.794923731";"/home/hotinfdensedot/ros2_ws/src/ros_tutorials/turtlesim/src/turtle.cpp:update:260"
"Oh no! I hit the wall! (Clamping from [x=11.120889, y=5.544445])";"30";"turtlesim1.sim";"1694973928.794638331";"/home/hotinfdensedot/ros2_ws/src/ros_tutorials/turtlesim/src/turtle.cpp:update:260"
"Oh no! I hit the wall! (Clamping from [x=11.120889, y=5.544445])";"30";"turtlesim2.sim";"1694973928.794637157";"/home/hotinfdensedot/ros2_ws/src/ros_tutorials/turtlesim/src/turtle.cpp:update:260"
"Oh no! I hit the wall! (Clamping from [x=11.120889, y=5.544445])";"30";"turtlesim2.sim";"1694973928.778980066";"/home/hotinfdensedot/ros2_ws/src/ros_tutorials/turtlesim/src/turtle.cpp:update:260"
"Oh no! I hit the wall! (Clamping from [x=11.120889, y=5.544445])";"30";"turtlesim1.sim";"1694973928.778984507";"/home/hotinfdensedot/ros2_ws/src/ros_tutorials/turtlesim/src/turtle.cpp:update:260"
"Oh no! I hit the wall! (Clamping from [x=11.120889, y=5.544445])";"30";"turtlesim3.sim";"1694973928.778538859";"/home/hotinfdensedot/ros2_ws/src/ros_tutorials/turtlesim/src/turtle.cpp:update:260"
"Oh no! I hit the wall! (Clamping from [x=11.120889, y=5.544445])";"30";"turtlesim3.sim";"1694973928.763037287";"/home/hotinfdensedot/ros2_ws/src/ros_tutorials/turtlesim/src/turtle.cpp:update:260"
"Oh no! I hit the wall! (Clamping from [x=11.120889, y=5.544445])";"30";"turtlesim1.sim";"1694973928.762358883";"/home/hotinfdensedot/ros2_ws/src/ros_tutorials/turtlesim/src/turtle.cpp:update:260"
"Oh no! I hit the wall! (Clamping from [x=11.120889, y=5.544445])";"30";"turtlesim2.sim";"1694973928.762358373";"/home/hotinfdensedot/ros2_ws/src/ros_tutorials/turtlesim/src/turtle.cpp:update:260"
"Oh no! I hit the wall! (Clamping from [x=11.120889, y=5.544445])";"30";"turtlesim1.sim";"1694973928.746696497";"/home/hotinfdensedot/ros2_ws/src/ros_tutorials/turtlesim/src/turtle.cpp:update:260"
"Oh no! I hit the wall! (Clamping from [x=11.120889, y=5.544445])";"30";"turtlesim2.sim";"1694973928.746692001";"/home/hotinfdensedot/ros2_ws/src/ros_tutorials/turtlesim/src/turtle.cpp:update:260"
"Oh no! I hit the wall! (Clamping from [x=11.120889, y=5.544445])";"30";"turtlesim3.sim";"1694973928.746545981";"/home/hotinfdensedot/ros2_ws/src/ros_tutorials/turtlesim/src/turtle.cpp:update:260"
"Oh no! I hit the wall! (Clamping from [x=11.120889, y=5.544445])";"30";"turtlesim1.sim";"1694973928.731104184";"/home/hotinfdensedot/ros2_ws/src/ros_tutorials/turtlesim/src/turtle.cpp:update:260"
"Oh no! I hit the wall! (Clamping from [x=11.120889, y=5.544445])";"30";"turtlesim2.sim";"1694973928.731097286";"/home/hotinfdensedot/ros2_ws/src/ros_tutorials/turtlesim/src/turtle.cpp:update:260"
"Oh no! I hit the wall! (Clamping from [x=11.120889, y=5.544445])";"30";"turtlesim3.sim";"1694973928.731088055";"/home/hotinfdensedot/ros2_ws/src/ros_tutorials/turtlesim/src/turtle.cpp:update:260"
"Oh no! I hit the wall! (Clamping from [x=11.120889, y=5.544445])";"30";"turtlesim3.sim";"1694973928.714623858";"/home/hotinfdensedot/ros2_ws/src/ros_tutorials/turtlesim/src/turtle.cpp:update:260"
"Oh no! I hit the wall! (Clamping from [x=11.120889, y=5.544445])";"30";"turtlesim1.sim";"1694973928.714482124";"/home/hotinfdensedot/ros2_ws/src/ros_tutorials/turtlesim/src/turtle.cpp:update:260"
"Oh no! I hit the wall! (Clamping from [x=11.120889, y=5.544445])";"30";"turtlesim2.sim";"1694973928.714479905";"/home/hotinfdensedot/ros2_ws/src/ros_tutorials/turtlesim/src/turtle.cpp:update:260"
"Oh no! I hit the wall! (Clamping from [x=11.120889, y=5.544445])";"30";"turtlesim1.sim";"1694973928.698888052";"/home/hotinfdensedot/ros2_ws/src/ros_tutorials/turtlesim/src/turtle.cpp:update:260"
"Oh no! I hit the wall! (Clamping from [x=11.120889, y=5.544445])";"30";"turtlesim2.sim";"1694973928.698883579";"/home/hotinfdensedot/ros2_ws/src/ros_tutorials/turtlesim/src/turtle.cpp:update:260"
"Oh no! I hit the wall! (Clamping from [x=11.120889, y=5.544445])";"30";"turtlesim3.sim";"1694973928.698226352";"/home/hotinfdensedot/ros2_ws/src/ros_tutorials/turtlesim/src/turtle.cpp:update:260"
"Oh no! I hit the wall! (Clamping from [x=11.120889, y=5.544445])";"30";"turtlesim3.sim";"1694973928.682837842";"/home/hotinfdensedot/ros2_ws/src/ros_tutorials/turtlesim/src/turtle.cpp:update:260"
"Oh no! I hit the wall! (Clamping from [x=11.120889, y=5.544445])";"30";"turtlesim1.sim";"1694973928.682279488";"/home/hotinfdensedot/ros2_ws/src/ros_tutorials/turtlesim/src/turtle.cpp:update:260"
"Oh no! I hit the wall! (Clamping from [x=11.120889, y=5.544445])";"30";"turtlesim2.sim";"1694973928.682274817";"/home/hotinfdensedot/ros2_ws/src/ros_tutorials/turtlesim/src/turtle.cpp:update:260"
"Oh no! I hit the wall! (Clamping from [x=11.120889, y=5.544445])";"30";"turtlesim1.sim";"1694973928.666684085";"/home/hotinfdensedot/ros2_ws/src/ros_tutorials/turtlesim/src/turtle.cpp:update:260"
"Oh no! I hit the wall! (Clamping from [x=11.120889, y=5.544445])";"30";"turtlesim2.sim";"1694973928.666681071";"/home/hotinfdensedot/ros2_ws/src/ros_tutorials/turtlesim/src/turtle.cpp:update:260"
"Oh no! I hit the wall! (Clamping from [x=11.120889, y=5.544445])";"30";"turtlesim3.sim";"1694973928.666561607";"/home/hotinfdensedot/ros2_ws/src/ros_tutorials/turtlesim/src/turtle.cpp:update:260"
"Oh no! I hit the wall! (Clamping from [x=11.120889, y=5.544445])";"30";"turtlesim1.sim";"1694973928.651066263";"/home/hotinfdensedot/ros2_ws/src/ros_tutorials/turtlesim/src/turtle.cpp:update:260"
"Oh no! I hit the wall! (Clamping from [x=11.120889, y=5.544445])";"30";"turtlesim3.sim";"1694973928.650362343";"/home/hotinfdensedot/ros2_ws/src/ros_tutorials/turtlesim/src/turtle.cpp:update:260"
"Oh no! I hit the wall! (Clamping from [x=11.120889, y=5.544445])";"30";"turtlesim2.sim";"1694973928.650089400";"/home/hotinfdensedot/ros2_ws/src/ros_tutorials/turtlesim/src/turtle.cpp:update:260"
"Oh no! I hit the wall! (Clamping from [x=11.120889, y=5.544445])";"30";"turtlesim1.sim";"1694973928.634567549";"/home/hotinfdensedot/ros2_ws/src/ros_tutorials/turtlesim/src/turtle.cpp:update:260"
"Oh no! I hit the wall! (Clamping from [x=11.120889, y=5.544445])";"30";"turtlesim2.sim";"1694973928.634565618";"/home/hotinfdensedot/ros2_ws/src/ros_tutorials/turtlesim/src/turtle.cpp:update:260"
"Oh no! I hit the wall! (Clamping from [x=11.120889, y=5.544445])";"30";"turtlesim3.sim";"1694973928.634152953";"/home/hotinfdensedot/ros2_ws/src/ros_tutorials/turtlesim/src/turtle.cpp:update:260"
"Oh no! I hit the wall! (Clamping from [x=11.120889, y=5.544445])";"30";"turtlesim1.sim";"1694973928.618973007";"/home/hotinfdensedot/ros2_ws/src/ros_tutorials/turtlesim/src/turtle.cpp:update:260"
"Oh no! I hit the wall! (Clamping from [x=11.120889, y=5.544445])";"30";"turtlesim2.sim";"1694973928.618970222";"/home/hotinfdensedot/ros2_ws/src/ros_tutorials/turtlesim/src/turtle.cpp:update:260"
"Oh no! I hit the wall! (Clamping from [x=11.120889, y=5.544445])";"30";"turtlesim3.sim";"1694973928.617952815";"/home/hotinfdensedot/ros2_ws/src/ros_tutorials/turtlesim/src/turtle.cpp:update:260"
"Oh no! I hit the wall! (Clamping from [x=11.120889, y=5.544445])";"30";"turtlesim3.sim";"1694973928.602690002";"/home/hotinfdensedot/ros2_ws/src/ros_tutorials/turtlesim/src/turtle.cpp:update:260"
"Oh no! I hit the wall! (Clamping from [x=11.120889, y=5.544445])";"30";"turtlesim1.sim";"1694973928.602379186";"/home/hotinfdensedot/ros2_ws/src/ros_tutorials/turtlesim/src/turtle.cpp:update:260"
"Oh no! I hit the wall! (Clamping from [x=11.120889, y=5.544445])";"30";"turtlesim2.sim";"1694973928.602375787";"/home/hotinfdensedot/ros2_ws/src/ros_tutorials/turtlesim/src/turtle.cpp:update:260"
"Oh no! I hit the wall! (Clamping from [x=11.120889, y=5.544445])";"30";"turtlesim1.sim";"1694973928.586749548";"/home/hotinfdensedot/ros2_ws/src/ros_tutorials/turtlesim/src/turtle.cpp:update:260"
"Oh no! I hit the wall! (Clamping from [x=11.120889, y=5.544445])";"30";"turtlesim2.sim";"1694973928.586745659";"/home/hotinfdensedot/ros2_ws/src/ros_tutorials/turtlesim/src/turtle.cpp:update:260"
"Oh no! I hit the wall! (Clamping from [x=11.120889, y=5.544445])";"30";"turtlesim3.sim";"1694973928.586369514";"/home/hotinfdensedot/ros2_ws/src/ros_tutorials/turtlesim/src/turtle.cpp:update:260"
"Oh no! I hit the wall! (Clamping from [x=11.120889, y=5.544445])";"30";"turtlesim1.sim";"1694973928.571144856";"/home/hotinfdensedot/ros2_ws/src/ros_tutorials/turtlesim/src/turtle.cpp:update:260"
"Oh no! I hit the wall! (Clamping from [x=11.120889, y=5.544445])";"30";"turtlesim2.sim";"1694973928.571140325";"/home/hotinfdensedot/ros2_ws/src/ros_tutorials/turtlesim/src/turtle.cpp:update:260"
"Oh no! I hit the wall! (Clamping from [x=11.120889, y=5.544445])";"30";"turtlesim3.sim";"1694973928.570070472";"/home/hotinfdensedot/ros2_ws/src/ros_tutorials/turtlesim/src/turtle.cpp:update:260"
"Oh no! I hit the wall! (Clamping from [x=11.120889, y=5.544445])";"30";"turtlesim3.sim";"1694973928.554773403";"/home/hotinfdensedot/ros2_ws/src/ros_tutorials/turtlesim/src/turtle.cpp:update:260"
"Oh no! I hit the wall! (Clamping from [x=11.120889, y=5.544445])";"30";"turtlesim1.sim";"1694973928.554527193";"/home/hotinfdensedot/ros2_ws/src/ros_tutorials/turtlesim/src/turtle.cpp:update:260"
"Oh no! I hit the wall! (Clamping from [x=11.120889, y=5.544445])";"30";"turtlesim2.sim";"1694973928.554526905";"/home/hotinfdensedot/ros2_ws/src/ros_tutorials/turtlesim/src/turtle.cpp:update:260"
"Oh no! I hit the wall! (Clamping from [x=11.120889, y=5.544445])";"30";"turtlesim1.sim";"1694973928.538863969";"/home/hotinfdensedot/ros2_ws/src/ros_tutorials/turtlesim/src/turtle.cpp:update:260"
"Oh no! I hit the wall! (Clamping from [x=11.120889, y=5.544445])";"30";"turtlesim2.sim";"1694973928.538870406";"/home/hotinfdensedot/ros2_ws/src/ros_tutorials/turtlesim/src/turtle.cpp:update:260"
"Oh no! I hit the wall! (Clamping from [x=11.120889, y=5.544445])";"30";"turtlesim3.sim";"1694973928.538329802";"/home/hotinfdensedot/ros2_ws/src/ros_tutorials/turtlesim/src/turtle.cpp:update:260"
"Oh no! I hit the wall! (Clamping from [x=11.120889, y=5.544445])";"30";"turtlesim3.sim";"1694973928.522809917";"/home/hotinfdensedot/ros2_ws/src/ros_tutorials/turtlesim/src/turtle.cpp:update:260"
"Oh no! I hit the wall! (Clamping from [x=11.120889, y=5.544445])";"30";"turtlesim1.sim";"1694973928.522239720";"/home/hotinfdensedot/ros2_ws/src/ros_tutorials/turtlesim/src/turtle.cpp:update:260"
"Oh no! I hit the wall! (Clamping from [x=11.120889, y=5.544445])";"30";"turtlesim2.sim";"1694973928.522234735";"/home/hotinfdensedot/ros2_ws/src/ros_tutorials/turtlesim/src/turtle.cpp:update:260"
"Oh no! I hit the wall! (Clamping from [x=11.120889, y=5.544445])";"30";"turtlesim1.sim";"1694973928.506631141";"/home/hotinfdensedot/ros2_ws/src/ros_tutorials/turtlesim/src/turtle.cpp:update:260"
"Oh no! I hit the wall! (Clamping from [x=11.120889, y=5.544445])";"30";"turtlesim2.sim";"1694973928.506627405";"/home/hotinfdensedot/ros2_ws/src/ros_tutorials/turtlesim/src/turtle.cpp:update:260"
"Oh no! I hit the wall! (Clamping from [x=11.120889, y=5.544445])";"30";"turtlesim3.sim";"1694973928.506302198";"/home/hotinfdensedot/ros2_ws/src/ros_tutorials/turtlesim/src/turtle.cpp:update:260"
"Oh no! I hit the wall! (Clamping from [x=11.120889, y=5.544445])";"30";"turtlesim1.sim";"1694973928.491036618";"/home/hotinfdensedot/ros2_ws/src/ros_tutorials/turtlesim/src/turtle.cpp:update:260"
"Oh no! I hit the wall! (Clamping from [x=11.120889, y=5.544445])";"30";"turtlesim2.sim";"1694973928.491033510";"/home/hotinfdensedot/ros2_ws/src/ros_tutorials/turtlesim/src/turtle.cpp:update:260"
"Oh no! I hit the wall! (Clamping from [x=11.120889, y=5.544445])";"30";"turtlesim3.sim";"1694973928.490830276";"/home/hotinfdensedot/ros2_ws/src/ros_tutorials/turtlesim/src/turtle.cpp:update:260"
"Oh no! I hit the wall! (Clamping from [x=11.120889, y=5.544445])";"30";"turtlesim1.sim";"1694973928.474444650";"/home/hotinfdensedot/ros2_ws/src/ros_tutorials/turtlesim/src/turtle.cpp:update:260"
"Oh no! I hit the wall! (Clamping from [x=11.120889, y=5.544445])";"30";"turtlesim2.sim";"1694973928.474441089";"/home/hotinfdensedot/ros2_ws/src/ros_tutorials/turtlesim/src/turtle.cpp:update:260"
"Oh no! I hit the wall! (Clamping from [x=11.120889, y=5.544445])";"30";"turtlesim3.sim";"1694973928.474350015";"/home/hotinfdensedot/ros2_ws/src/ros_tutorials/turtlesim/src/turtle.cpp:update:260"
"Oh no! I hit the wall! (Clamping from [x=11.120889, y=5.544445])";"30";"turtlesim3.sim";"1694973928.458881800";"/home/hotinfdensedot/ros2_ws/src/ros_tutorials/turtlesim/src/turtle.cpp:update:260"
"Oh no! I hit the wall! (Clamping from [x=11.120889, y=5.544445])";"30";"turtlesim1.sim";"1694973928.458840480";"/home/hotinfdensedot/ros2_ws/src/ros_tutorials/turtlesim/src/turtle.cpp:update:260"
"Oh no! I hit the wall! (Clamping from [x=11.120889, y=5.544445])";"30";"turtlesim2.sim";"1694973928.458836585";"/home/hotinfdensedot/ros2_ws/src/ros_tutorials/turtlesim/src/turtle.cpp:update:260"
"Oh no! I hit the wall! (Clamping from [x=11.120889, y=5.544445])";"30";"turtlesim3.sim";"1694973928.442429036";"/home/hotinfdensedot/ros2_ws/src/ros_tutorials/turtlesim/src/turtle.cpp:update:260"
"Oh no! I hit the wall! (Clamping from [x=11.120889, y=5.544445])";"30";"turtlesim2.sim";"1694973928.442203905";"/home/hotinfdensedot/ros2_ws/src/ros_tutorials/turtlesim/src/turtle.cpp:update:260"
"Oh no! I hit the wall! (Clamping from [x=11.120889, y=5.544445])";"30";"turtlesim1.sim";"1694973928.442207589";"/home/hotinfdensedot/ros2_ws/src/ros_tutorials/turtlesim/src/turtle.cpp:update:260"
"Oh no! I hit the wall! (Clamping from [x=11.120889, y=5.544445])";"30";"turtlesim3.sim";"1694973928.426974145";"/home/hotinfdensedot/ros2_ws/src/ros_tutorials/turtlesim/src/turtle.cpp:update:260"
"Oh no! I hit the wall! (Clamping from [x=11.120889, y=5.544445])";"30";"turtlesim1.sim";"1694973928.426552407";"/home/hotinfdensedot/ros2_ws/src/ros_tutorials/turtlesim/src/turtle.cpp:update:260"
"Oh no! I hit the wall! (Clamping from [x=11.120889, y=5.544445])";"30";"turtlesim2.sim";"1694973928.426551793";"/home/hotinfdensedot/ros2_ws/src/ros_tutorials/turtlesim/src/turtle.cpp:update:260"
"Oh no! I hit the wall! (Clamping from [x=11.120889, y=5.544445])";"30";"turtlesim1.sim";"1694973928.410900616";"/home/hotinfdensedot/ros2_ws/src/ros_tutorials/turtlesim/src/turtle.cpp:update:260"
"Oh no! I hit the wall! (Clamping from [x=11.120889, y=5.544445])";"30";"turtlesim2.sim";"1694973928.410899476";"/home/hotinfdensedot/ros2_ws/src/ros_tutorials/turtlesim/src/turtle.cpp:update:260"
"Oh no! I hit the wall! (Clamping from [x=11.120889, y=5.544445])";"30";"turtlesim3.sim";"1694973928.410497748";"/home/hotinfdensedot/ros2_ws/src/ros_tutorials/turtlesim/src/turtle.cpp:update:260"
"Oh no! I hit the wall! (Clamping from [x=11.120889, y=5.544445])";"30";"turtlesim3.sim";"1694973928.394983129";"/home/hotinfdensedot/ros2_ws/src/ros_tutorials/turtlesim/src/turtle.cpp:update:260"
"Oh no! I hit the wall! (Clamping from [x=11.120889, y=5.544445])";"30";"turtlesim1.sim";"1694973928.394277009";"/home/hotinfdensedot/ros2_ws/src/ros_tutorials/turtlesim/src/turtle.cpp:update:260"
"Oh no! I hit the wall! (Clamping from [x=11.120889, y=5.544445])";"30";"turtlesim2.sim";"1694973928.394276774";"/home/hotinfdensedot/ros2_ws/src/ros_tutorials/turtlesim/src/turtle.cpp:update:260"
"Oh no! I hit the wall! (Clamping from [x=11.120889, y=5.544445])";"30";"turtlesim1.sim";"1694973928.378632193";"/home/hotinfdensedot/ros2_ws/src/ros_tutorials/turtlesim/src/turtle.cpp:update:260"
"Oh no! I hit the wall! (Clamping from [x=11.120889, y=5.544445])";"30";"turtlesim2.sim";"1694973928.378623155";"/home/hotinfdensedot/ros2_ws/src/ros_tutorials/turtlesim/src/turtle.cpp:update:260"
"Oh no! I hit the wall! (Clamping from [x=11.120889, y=5.544445])";"30";"turtlesim3.sim";"1694973928.378536085";"/home/hotinfdensedot/ros2_ws/src/ros_tutorials/turtlesim/src/turtle.cpp:update:260"
"Oh no! I hit the wall! (Clamping from [x=11.120889, y=5.544445])";"30";"turtlesim1.sim";"1694973928.363081048";"/home/hotinfdensedot/ros2_ws/src/ros_tutorials/turtlesim/src/turtle.cpp:update:260"
"Oh no! I hit the wall! (Clamping from [x=11.120889, y=5.544445])";"30";"turtlesim2.sim";"1694973928.363079387";"/home/hotinfdensedot/ros2_ws/src/ros_tutorials/turtlesim/src/turtle.cpp:update:260"
"Oh no! I hit the wall! (Clamping from [x=11.120889, y=5.544445])";"30";"turtlesim3.sim";"1694973928.363084534";"/home/hotinfdensedot/ros2_ws/src/ros_tutorials/turtlesim/src/turtle.cpp:update:260"
"Oh no! I hit the wall! (Clamping from [x=11.120889, y=5.544445])";"30";"turtlesim3.sim";"1694973928.346618368";"/home/hotinfdensedot/ros2_ws/src/ros_tutorials/turtlesim/src/turtle.cpp:update:260"
"Oh no! I hit the wall! (Clamping from [x=11.120889, y=5.544445])";"30";"turtlesim1.sim";"1694973928.346455230";"/home/hotinfdensedot/ros2_ws/src/ros_tutorials/turtlesim/src/turtle.cpp:update:260"
"Oh no! I hit the wall! (Clamping from [x=11.120889, y=5.544445])";"30";"turtlesim2.sim";"1694973928.346454935";"/home/hotinfdensedot/ros2_ws/src/ros_tutorials/turtlesim/src/turtle.cpp:update:260"
"Oh no! I hit the wall! (Clamping from [x=11.120889, y=5.544445])";"30";"turtlesim1.sim";"1694973928.330831569";"/home/hotinfdensedot/ros2_ws/src/ros_tutorials/turtlesim/src/turtle.cpp:update:260"
"Oh no! I hit the wall! (Clamping from [x=11.120889, y=5.544445])";"30";"turtlesim2.sim";"1694973928.330802276";"/home/hotinfdensedot/ros2_ws/src/ros_tutorials/turtlesim/src/turtle.cpp:update:260"
"Oh no! I hit the wall! (Clamping from [x=11.120889, y=5.544445])";"30";"turtlesim3.sim";"1694973928.330157183";"/home/hotinfdensedot/ros2_ws/src/ros_tutorials/turtlesim/src/turtle.cpp:update:260"
"Oh no! I hit the wall! (Clamping from [x=11.120889, y=5.544445])";"30";"turtlesim3.sim";"1694973928.314707120";"/home/hotinfdensedot/ros2_ws/src/ros_tutorials/turtlesim/src/turtle.cpp:update:260"
"Oh no! I hit the wall! (Clamping from [x=11.120889, y=5.544445])";"30";"turtlesim1.sim";"1694973928.314244508";"/home/hotinfdensedot/ros2_ws/src/ros_tutorials/turtlesim/src/turtle.cpp:update:260"
"Oh no! I hit the wall! (Clamping from [x=11.120889, y=5.544445])";"30";"turtlesim2.sim";"1694973928.314244491";"/home/hotinfdensedot/ros2_ws/src/ros_tutorials/turtlesim/src/turtle.cpp:update:260"
"Oh no! I hit the wall! (Clamping from [x=11.120889, y=5.544445])";"30";"turtlesim3.sim";"1694973928.299138855";"/home/hotinfdensedot/ros2_ws/src/ros_tutorials/turtlesim/src/turtle.cpp:update:260"
"Oh no! I hit the wall! (Clamping from [x=11.120889, y=5.544445])";"30";"turtlesim1.sim";"1694973928.298553113";"/home/hotinfdensedot/ros2_ws/src/ros_tutorials/turtlesim/src/turtle.cpp:update:260"
"Oh no! I hit the wall! (Clamping from [x=11.120889, y=5.544445])";"30";"turtlesim2.sim";"1694973928.298554232";"/home/hotinfdensedot/ros2_ws/src/ros_tutorials/turtlesim/src/turtle.cpp:update:260"
"Oh no! I hit the wall! (Clamping from [x=11.120889, y=5.544445])";"30";"turtlesim1.sim";"1694973928.282895206";"/home/hotinfdensedot/ros2_ws/src/ros_tutorials/turtlesim/src/turtle.cpp:update:260"
"Oh no! I hit the wall! (Clamping from [x=11.120889, y=5.544445])";"30";"turtlesim2.sim";"1694973928.282892692";"/home/hotinfdensedot/ros2_ws/src/ros_tutorials/turtlesim/src/turtle.cpp:update:260"
"Oh no! I hit the wall! (Clamping from [x=11.120889, y=5.544445])";"30";"turtlesim3.sim";"1694973928.282627410";"/home/hotinfdensedot/ros2_ws/src/ros_tutorials/turtlesim/src/turtle.cpp:update:260"
"Oh no! I hit the wall! (Clamping from [x=11.120889, y=5.544445])";"30";"turtlesim1.sim";"1694973928.266290868";"/home/hotinfdensedot/ros2_ws/src/ros_tutorials/turtlesim/src/turtle.cpp:update:260"
"Oh no! I hit the wall! (Clamping from [x=11.120889, y=5.544445])";"30";"turtlesim2.sim";"1694973928.266288913";"/home/hotinfdensedot/ros2_ws/src/ros_tutorials/turtlesim/src/turtle.cpp:update:260"
"Oh no! I hit the wall! (Clamping from [x=11.120889, y=5.544445])";"30";"turtlesim3.sim";"1694973928.266290613";"/home/hotinfdensedot/ros2_ws/src/ros_tutorials/turtlesim/src/turtle.cpp:update:260"
"Oh no! I hit the wall! (Clamping from [x=11.120889, y=5.544445])";"30";"turtlesim2.sim";"1694973928.250686741";"/home/hotinfdensedot/ros2_ws/src/ros_tutorials/turtlesim/src/turtle.cpp:update:260"
"Oh no! I hit the wall! (Clamping from [x=11.120889, y=5.544445])";"30";"turtlesim1.sim";"1694973928.250660529";"/home/hotinfdensedot/ros2_ws/src/ros_tutorials/turtlesim/src/turtle.cpp:update:260"
"Oh no! I hit the wall! (Clamping from [x=11.120889, y=5.544445])";"30";"turtlesim3.sim";"1694973928.249991619";"/home/hotinfdensedot/ros2_ws/src/ros_tutorials/turtlesim/src/turtle.cpp:update:260"
"Oh no! I hit the wall! (Clamping from [x=11.120889, y=5.544445])";"30";"turtlesim1.sim";"1694973928.235133385";"/home/hotinfdensedot/ros2_ws/src/ros_tutorials/turtlesim/src/turtle.cpp:update:260"
"Oh no! I hit the wall! (Clamping from [x=11.120889, y=5.544445])";"30";"turtlesim2.sim";"1694973928.235128780";"/home/hotinfdensedot/ros2_ws/src/ros_tutorials/turtlesim/src/turtle.cpp:update:260"
"Oh no! I hit the wall! (Clamping from [x=11.120889, y=5.544445])";"30";"turtlesim3.sim";"1694973928.234707916";"/home/hotinfdensedot/ros2_ws/src/ros_tutorials/turtlesim/src/turtle.cpp:update:260"
"Oh no! I hit the wall! (Clamping from [x=11.120889, y=5.544445])";"30";"turtlesim1.sim";"1694973928.218621994";"/home/hotinfdensedot/ros2_ws/src/ros_tutorials/turtlesim/src/turtle.cpp:update:260"
"Oh no! I hit the wall! (Clamping from [x=11.120889, y=5.544445])";"30";"turtlesim2.sim";"1694973928.218596724";"/home/hotinfdensedot/ros2_ws/src/ros_tutorials/turtlesim/src/turtle.cpp:update:260"
"Oh no! I hit the wall! (Clamping from [x=11.120889, y=5.544445])";"30";"turtlesim3.sim";"1694973928.218426332";"/home/hotinfdensedot/ros2_ws/src/ros_tutorials/turtlesim/src/turtle.cpp:update:260"
"Oh no! I hit the wall! (Clamping from [x=11.120889, y=5.544445])";"30";"turtlesim1.sim";"1694973928.202296039";"/home/hotinfdensedot/ros2_ws/src/ros_tutorials/turtlesim/src/turtle.cpp:update:260"
"Oh no! I hit the wall! (Clamping from [x=11.120889, y=5.544445])";"30";"turtlesim2.sim";"1694973928.202253843";"/home/hotinfdensedot/ros2_ws/src/ros_tutorials/turtlesim/src/turtle.cpp:update:260"
"Oh no! I hit the wall! (Clamping from [x=11.120889, y=5.544445])";"30";"turtlesim3.sim";"1694973928.202189429";"/home/hotinfdensedot/ros2_ws/src/ros_tutorials/turtlesim/src/turtle.cpp:update:260"
"Oh no! I hit the wall! (Clamping from [x=11.120889, y=5.544445])";"30";"turtlesim3.sim";"1694973928.186936948";"/home/hotinfdensedot/ros2_ws/src/ros_tutorials/turtlesim/src/turtle.cpp:update:260"
"Oh no! I hit the wall! (Clamping from [x=11.120889, y=5.544445])";"30";"turtlesim1.sim";"1694973928.186823081";"/home/hotinfdensedot/ros2_ws/src/ros_tutorials/turtlesim/src/turtle.cpp:update:260"
"Oh no! I hit the wall! (Clamping from [x=11.120889, y=5.544445])";"30";"turtlesim2.sim";"1694973928.186823029";"/home/hotinfdensedot/ros2_ws/src/ros_tutorials/turtlesim/src/turtle.cpp:update:260"
"Oh no! I hit the wall! (Clamping from [x=11.120889, y=5.544445])";"30";"turtlesim3.sim";"1694973928.170541727";"/home/hotinfdensedot/ros2_ws/src/ros_tutorials/turtlesim/src/turtle.cpp:update:260"
"Oh no! I hit the wall! (Clamping from [x=11.120889, y=5.544445])";"30";"turtlesim1.sim";"1694973928.170236124";"/home/hotinfdensedot/ros2_ws/src/ros_tutorials/turtlesim/src/turtle.cpp:update:260"
"Oh no! I hit the wall! (Clamping from [x=11.120889, y=5.544445])";"30";"turtlesim2.sim";"1694973928.170234840";"/home/hotinfdensedot/ros2_ws/src/ros_tutorials/turtlesim/src/turtle.cpp:update:260"
"Oh no! I hit the wall! (Clamping from [x=11.120889, y=5.544445])";"30";"turtlesim3.sim";"1694973928.155091128";"/home/hotinfdensedot/ros2_ws/src/ros_tutorials/turtlesim/src/turtle.cpp:update:260"
"Oh no! I hit the wall! (Clamping from [x=11.120889, y=5.544445])";"30";"turtlesim1.sim";"1694973928.154632483";"/home/hotinfdensedot/ros2_ws/src/ros_tutorials/turtlesim/src/turtle.cpp:update:260"
"Oh no! I hit the wall! (Clamping from [x=11.120889, y=5.544445])";"30";"turtlesim2.sim";"1694973928.154634879";"/home/hotinfdensedot/ros2_ws/src/ros_tutorials/turtlesim/src/turtle.cpp:update:260"
"Oh no! I hit the wall! (Clamping from [x=11.120889, y=5.544445])";"30";"turtlesim1.sim";"1694973928.139029794";"/home/hotinfdensedot/ros2_ws/src/ros_tutorials/turtlesim/src/turtle.cpp:update:260"
"Oh no! I hit the wall! (Clamping from [x=11.120889, y=5.544445])";"30";"turtlesim2.sim";"1694973928.138956946";"/home/hotinfdensedot/ros2_ws/src/ros_tutorials/turtlesim/src/turtle.cpp:update:260"
"Oh no! I hit the wall! (Clamping from [x=11.120889, y=5.544445])";"30";"turtlesim3.sim";"1694973928.138623061";"/home/hotinfdensedot/ros2_ws/src/ros_tutorials/turtlesim/src/turtle.cpp:update:260"
"Oh no! I hit the wall! (Clamping from [x=11.120889, y=5.544445])";"30";"turtlesim1.sim";"1694973928.122392109";"/home/hotinfdensedot/ros2_ws/src/ros_tutorials/turtlesim/src/turtle.cpp:update:260"
"Oh no! I hit the wall! (Clamping from [x=11.120889, y=5.544445])";"30";"turtlesim2.sim";"1694973928.122366908";"/home/hotinfdensedot/ros2_ws/src/ros_tutorials/turtlesim/src/turtle.cpp:update:260"
"Oh no! I hit the wall! (Clamping from [x=11.120889, y=5.544445])";"30";"turtlesim3.sim";"1694973928.122240327";"/home/hotinfdensedot/ros2_ws/src/ros_tutorials/turtlesim/src/turtle.cpp:update:260"
"Oh no! I hit the wall! (Clamping from [x=11.120889, y=5.544445])";"30";"turtlesim3.sim";"1694973928.106844573";"/home/hotinfdensedot/ros2_ws/src/ros_tutorials/turtlesim/src/turtle.cpp:update:260"
"Oh no! I hit the wall! (Clamping from [x=11.120889, y=5.544445])";"30";"turtlesim1.sim";"1694973928.106790835";"/home/hotinfdensedot/ros2_ws/src/ros_tutorials/turtlesim/src/turtle.cpp:update:260"
"Oh no! I hit the wall! (Clamping from [x=11.120889, y=5.544445])";"30";"turtlesim2.sim";"1694973928.106755995";"/home/hotinfdensedot/ros2_ws/src/ros_tutorials/turtlesim/src/turtle.cpp:update:260"
"Oh no! I hit the wall! (Clamping from [x=11.120889, y=5.544445])";"30";"turtlesim1.sim";"1694973928.091136462";"/home/hotinfdensedot/ros2_ws/src/ros_tutorials/turtlesim/src/turtle.cpp:update:260"
"Oh no! I hit the wall! (Clamping from [x=11.120889, y=5.544445])";"30";"turtlesim2.sim";"1694973928.091071107";"/home/hotinfdensedot/ros2_ws/src/ros_tutorials/turtlesim/src/turtle.cpp:update:260"
"Oh no! I hit the wall! (Clamping from [x=11.120889, y=5.544445])";"30";"turtlesim1.sim";"1694973928.074517048";"/home/hotinfdensedot/ros2_ws/src/ros_tutorials/turtlesim/src/turtle.cpp:update:260"
"Oh no! I hit the wall! (Clamping from [x=11.120889, y=5.544445])";"30";"turtlesim3.sim";"1694973924.602134699";"/home/hotinfdensedot/ros2_ws/src/ros_tutorials/turtlesim/src/turtle.cpp:update:260"
"Oh no! I hit the wall! (Clamping from [x=11.120889, y=5.544445])";"30";"turtlesim3.sim";"1694973924.586654113";"/home/hotinfdensedot/ros2_ws/src/ros_tutorials/turtlesim/src/turtle.cpp:update:260"
"Oh no! I hit the wall! (Clamping from [x=11.120889, y=5.544445])";"30";"turtlesim2.sim";"1694973924.586631233";"/home/hotinfdensedot/ros2_ws/src/ros_tutorials/turtlesim/src/turtle.cpp:update:260"
"Oh no! I hit the wall! (Clamping from [x=11.120889, y=5.544445])";"30";"turtlesim3.sim";"1694973924.570189737";"/home/hotinfdensedot/ros2_ws/src/ros_tutorials/turtlesim/src/turtle.cpp:update:260"
"Oh no! I hit the wall! (Clamping from [x=11.120889, y=5.544445])";"30";"turtlesim1.sim";"1694973924.570110480";"/home/hotinfdensedot/ros2_ws/src/ros_tutorials/turtlesim/src/turtle.cpp:update:260"
"Oh no! I hit the wall! (Clamping from [x=11.120889, y=5.544445])";"30";"turtlesim2.sim";"1694973924.570062859";"/home/hotinfdensedot/ros2_ws/src/ros_tutorials/turtlesim/src/turtle.cpp:update:260"
"Oh no! I hit the wall! (Clamping from [x=11.120889, y=5.544445])";"30";"turtlesim3.sim";"1694973924.554719564";"/home/hotinfdensedot/ros2_ws/src/ros_tutorials/turtlesim/src/turtle.cpp:update:260"
"Oh no! I hit the wall! (Clamping from [x=11.120889, y=5.544445])";"30";"turtlesim1.sim";"1694973924.554587923";"/home/hotinfdensedot/ros2_ws/src/ros_tutorials/turtlesim/src/turtle.cpp:update:260"
"Oh no! I hit the wall! (Clamping from [x=11.120889, y=5.544445])";"30";"turtlesim2.sim";"1694973924.554586966";"/home/hotinfdensedot/ros2_ws/src/ros_tutorials/turtlesim/src/turtle.cpp:update:260"
"Oh no! I hit the wall! (Clamping from [x=11.120889, y=5.544445])";"30";"turtlesim1.sim";"1694973924.538993390";"/home/hotinfdensedot/ros2_ws/src/ros_tutorials/turtlesim/src/turtle.cpp:update:260"
"Oh no! I hit the wall! (Clamping from [x=11.120889, y=5.544445])";"30";"turtlesim2.sim";"1694973924.538981979";"/home/hotinfdensedot/ros2_ws/src/ros_tutorials/turtlesim/src/turtle.cpp:update:260"
"Oh no! I hit the wall! (Clamping from [x=11.120889, y=5.544445])";"30";"turtlesim3.sim";"1694973924.538257194";"/home/hotinfdensedot/ros2_ws/src/ros_tutorials/turtlesim/src/turtle.cpp:update:260"
"Oh no! I hit the wall! (Clamping from [x=11.120889, y=5.544445])";"30";"turtlesim3.sim";"1694973924.522887224";"/home/hotinfdensedot/ros2_ws/src/ros_tutorials/turtlesim/src/turtle.cpp:update:260"
"Oh no! I hit the wall! (Clamping from [x=11.120889, y=5.544445])";"30";"turtlesim1.sim";"1694973924.522404472";"/home/hotinfdensedot/ros2_ws/src/ros_tutorials/turtlesim/src/turtle.cpp:update:260"
"Oh no! I hit the wall! (Clamping from [x=11.120889, y=5.544445])";"30";"turtlesim2.sim";"1694973924.522401662";"/home/hotinfdensedot/ros2_ws/src/ros_tutorials/turtlesim/src/turtle.cpp:update:260"
"Oh no! I hit the wall! (Clamping from [x=11.120889, y=5.544445])";"30";"turtlesim1.sim";"1694973924.506822093";"/home/hotinfdensedot/ros2_ws/src/ros_tutorials/turtlesim/src/turtle.cpp:update:260"
"Oh no! I hit the wall! (Clamping from [x=11.120889, y=5.544445])";"30";"turtlesim2.sim";"1694973924.506779660";"/home/hotinfdensedot/ros2_ws/src/ros_tutorials/turtlesim/src/turtle.cpp:update:260"
"Oh no! I hit the wall! (Clamping from [x=11.120889, y=5.544445])";"30";"turtlesim3.sim";"1694973924.506681875";"/home/hotinfdensedot/ros2_ws/src/ros_tutorials/turtlesim/src/turtle.cpp:update:260"
"Oh no! I hit the wall! (Clamping from [x=11.120889, y=5.544445])";"30";"turtlesim3.sim";"1694973924.490473759";"/home/hotinfdensedot/ros2_ws/src/ros_tutorials/turtlesim/src/turtle.cpp:update:260"
"Oh no! I hit the wall! (Clamping from [x=11.120889, y=5.544445])";"30";"turtlesim1.sim";"1694973924.490278286";"/home/hotinfdensedot/ros2_ws/src/ros_tutorials/turtlesim/src/turtle.cpp:update:260"
"Oh no! I hit the wall! (Clamping from [x=11.120889, y=5.544445])";"30";"turtlesim2.sim";"1694973924.490276632";"/home/hotinfdensedot/ros2_ws/src/ros_tutorials/turtlesim/src/turtle.cpp:update:260"
"Oh no! I hit the wall! (Clamping from [x=11.120889, y=5.544445])";"30";"turtlesim1.sim";"1694973924.474659090";"/home/hotinfdensedot/ros2_ws/src/ros_tutorials/turtlesim/src/turtle.cpp:update:260"
"Oh no! I hit the wall! (Clamping from [x=11.120889, y=5.544445])";"30";"turtlesim2.sim";"1694973924.474648417";"/home/hotinfdensedot/ros2_ws/src/ros_tutorials/turtlesim/src/turtle.cpp:update:260"
"Oh no! I hit the wall! (Clamping from [x=11.120889, y=5.544445])";"30";"turtlesim3.sim";"1694973924.474184378";"/home/hotinfdensedot/ros2_ws/src/ros_tutorials/turtlesim/src/turtle.cpp:update:260"
"Oh no! I hit the wall! (Clamping from [x=11.120889, y=5.544445])";"30";"turtlesim1.sim";"1694973924.459107799";"/home/hotinfdensedot/ros2_ws/src/ros_tutorials/turtlesim/src/turtle.cpp:update:260"
"Oh no! I hit the wall! (Clamping from [x=11.120889, y=5.544445])";"30";"turtlesim2.sim";"1694973924.459087343";"/home/hotinfdensedot/ros2_ws/src/ros_tutorials/turtlesim/src/turtle.cpp:update:260"
"Oh no! I hit the wall! (Clamping from [x=11.120889, y=5.544445])";"30";"turtlesim3.sim";"1694973924.458008249";"/home/hotinfdensedot/ros2_ws/src/ros_tutorials/turtlesim/src/turtle.cpp:update:260"
"Oh no! I hit the wall! (Clamping from [x=11.120889, y=5.544445])";"30";"turtlesim3.sim";"1694973924.442804460";"/home/hotinfdensedot/ros2_ws/src/ros_tutorials/turtlesim/src/turtle.cpp:update:260"
"Oh no! I hit the wall! (Clamping from [x=11.120889, y=5.544445])";"30";"turtlesim1.sim";"1694973924.442500633";"/home/hotinfdensedot/ros2_ws/src/ros_tutorials/turtlesim/src/turtle.cpp:update:260"
"Oh no! I hit the wall! (Clamping from [x=11.120889, y=5.544445])";"30";"turtlesim2.sim";"1694973924.442499055";"/home/hotinfdensedot/ros2_ws/src/ros_tutorials/turtlesim/src/turtle.cpp:update:260"
"Oh no! I hit the wall! (Clamping from [x=11.120889, y=5.544445])";"30";"turtlesim1.sim";"1694973924.426894321";"/home/hotinfdensedot/ros2_ws/src/ros_tutorials/turtlesim/src/turtle.cpp:update:260"
"Oh no! I hit the wall! (Clamping from [x=11.120889, y=5.544445])";"30";"turtlesim2.sim";"1694973924.426883268";"/home/hotinfdensedot/ros2_ws/src/ros_tutorials/turtlesim/src/turtle.cpp:update:260"
"Oh no! I hit the wall! (Clamping from [x=11.120889, y=5.544445])";"30";"turtlesim3.sim";"1694973924.426596722";"/home/hotinfdensedot/ros2_ws/src/ros_tutorials/turtlesim/src/turtle.cpp:update:260"
"Oh no! I hit the wall! (Clamping from [x=11.120889, y=5.544445])";"30";"turtlesim3.sim";"1694973924.410371442";"/home/hotinfdensedot/ros2_ws/src/ros_tutorials/turtlesim/src/turtle.cpp:update:260"
"Oh no! I hit the wall! (Clamping from [x=11.120889, y=5.544445])";"30";"turtlesim1.sim";"1694973924.410344161";"/home/hotinfdensedot/ros2_ws/src/ros_tutorials/turtlesim/src/turtle.cpp:update:260"
"Oh no! I hit the wall! (Clamping from [x=11.120889, y=5.544445])";"30";"turtlesim2.sim";"1694973924.410332507";"/home/hotinfdensedot/ros2_ws/src/ros_tutorials/turtlesim/src/turtle.cpp:update:260"
"Oh no! I hit the wall! (Clamping from [x=11.120889, y=5.544445])";"30";"turtlesim1.sim";"1694973924.394798321";"/home/hotinfdensedot/ros2_ws/src/ros_tutorials/turtlesim/src/turtle.cpp:update:260"
"Oh no! I hit the wall! (Clamping from [x=11.120889, y=5.544445])";"30";"turtlesim2.sim";"1694973924.394788585";"/home/hotinfdensedot/ros2_ws/src/ros_tutorials/turtlesim/src/turtle.cpp:update:260"
"Oh no! I hit the wall! (Clamping from [x=11.120889, y=5.544445])";"30";"turtlesim3.sim";"1694973924.394178192";"/home/hotinfdensedot/ros2_ws/src/ros_tutorials/turtlesim/src/turtle.cpp:update:260"
"Oh no! I hit the wall! (Clamping from [x=11.120889, y=5.544445])";"30";"turtlesim1.sim";"1694973924.378238035";"/home/hotinfdensedot/ros2_ws/src/ros_tutorials/turtlesim/src/turtle.cpp:update:260"
"Oh no! I hit the wall! (Clamping from [x=11.120889, y=5.544445])";"30";"turtlesim2.sim";"1694973924.378230140";"/home/hotinfdensedot/ros2_ws/src/ros_tutorials/turtlesim/src/turtle.cpp:update:260"
"Oh no! I hit the wall! (Clamping from [x=11.120889, y=5.544445])";"30";"turtlesim3.sim";"1694973924.377971494";"/home/hotinfdensedot/ros2_ws/src/ros_tutorials/turtlesim/src/turtle.cpp:update:260"
"Oh no! I hit the wall! (Clamping from [x=11.120889, y=5.544445])";"30";"turtlesim3.sim";"1694973924.362728384";"/home/hotinfdensedot/ros2_ws/src/ros_tutorials/turtlesim/src/turtle.cpp:update:260"
"Oh no! I hit the wall! (Clamping from [x=11.120889, y=5.544445])";"30";"turtlesim1.sim";"1694973924.362680467";"/home/hotinfdensedot/ros2_ws/src/ros_tutorials/turtlesim/src/turtle.cpp:update:260"
"Oh no! I hit the wall! (Clamping from [x=11.120889, y=5.544445])";"30";"turtlesim2.sim";"1694973924.362679299";"/home/hotinfdensedot/ros2_ws/src/ros_tutorials/turtlesim/src/turtle.cpp:update:260"
"Oh no! I hit the wall! (Clamping from [x=11.120889, y=5.544445])";"30";"turtlesim1.sim";"1694973924.347083064";"/home/hotinfdensedot/ros2_ws/src/ros_tutorials/turtlesim/src/turtle.cpp:update:260"
"Oh no! I hit the wall! (Clamping from [x=11.120889, y=5.544445])";"30";"turtlesim2.sim";"1694973924.347072931";"/home/hotinfdensedot/ros2_ws/src/ros_tutorials/turtlesim/src/turtle.cpp:update:260"
"Oh no! I hit the wall! (Clamping from [x=11.120889, y=5.544445])";"30";"turtlesim3.sim";"1694973924.346478950";"/home/hotinfdensedot/ros2_ws/src/ros_tutorials/turtlesim/src/turtle.cpp:update:260"
"Oh no! I hit the wall! (Clamping from [x=11.120889, y=5.544445])";"30";"turtlesim1.sim";"1694973924.330535489";"/home/hotinfdensedot/ros2_ws/src/ros_tutorials/turtlesim/src/turtle.cpp:update:260"
"Oh no! I hit the wall! (Clamping from [x=11.120889, y=5.544445])";"30";"turtlesim2.sim";"1694973924.330525824";"/home/hotinfdensedot/ros2_ws/src/ros_tutorials/turtlesim/src/turtle.cpp:update:260"
"Oh no! I hit the wall! (Clamping from [x=11.120889, y=5.544445])";"30";"turtlesim3.sim";"1694973924.330253903";"/home/hotinfdensedot/ros2_ws/src/ros_tutorials/turtlesim/src/turtle.cpp:update:260"
"Oh no! I hit the wall! (Clamping from [x=11.120889, y=5.544445])";"30";"turtlesim1.sim";"1694973924.314983058";"/home/hotinfdensedot/ros2_ws/src/ros_tutorials/turtlesim/src/turtle.cpp:update:260"
"Oh no! I hit the wall! (Clamping from [x=11.120889, y=5.544445])";"30";"turtlesim2.sim";"1694973924.314971284";"/home/hotinfdensedot/ros2_ws/src/ros_tutorials/turtlesim/src/turtle.cpp:update:260"
"Oh no! I hit the wall! (Clamping from [x=11.120889, y=5.544445])";"30";"turtlesim3.sim";"1694973924.314028549";"/home/hotinfdensedot/ros2_ws/src/ros_tutorials/turtlesim/src/turtle.cpp:update:260"
"Oh no! I hit the wall! (Clamping from [x=11.120889, y=5.544445])";"30";"turtlesim3.sim";"1694973924.298808716";"/home/hotinfdensedot/ros2_ws/src/ros_tutorials/turtlesim/src/turtle.cpp:update:260"
"Oh no! I hit the wall! (Clamping from [x=11.120889, y=5.544445])";"30";"turtlesim1.sim";"1694973924.298389788";"/home/hotinfdensedot/ros2_ws/src/ros_tutorials/turtlesim/src/turtle.cpp:update:260"
"Oh no! I hit the wall! (Clamping from [x=11.120889, y=5.544445])";"30";"turtlesim2.sim";"1694973924.298388481";"/home/hotinfdensedot/ros2_ws/src/ros_tutorials/turtlesim/src/turtle.cpp:update:260"
"Oh no! I hit the wall! (Clamping from [x=11.120889, y=5.544445])";"30";"turtlesim1.sim";"1694973924.282783465";"/home/hotinfdensedot/ros2_ws/src/ros_tutorials/turtlesim/src/turtle.cpp:update:260"
"Oh no! I hit the wall! (Clamping from [x=11.120889, y=5.544445])";"30";"turtlesim2.sim";"1694973924.282772891";"/home/hotinfdensedot/ros2_ws/src/ros_tutorials/turtlesim/src/turtle.cpp:update:260"
"Oh no! I hit the wall! (Clamping from [x=11.120889, y=5.544445])";"30";"turtlesim3.sim";"1694973924.282575530";"/home/hotinfdensedot/ros2_ws/src/ros_tutorials/turtlesim/src/turtle.cpp:update:260"
"Oh no! I hit the wall! (Clamping from [x=11.120889, y=5.544445])";"30";"turtlesim3.sim";"1694973924.266318442";"/home/hotinfdensedot/ros2_ws/src/ros_tutorials/turtlesim/src/turtle.cpp:update:260"
"Oh no! I hit the wall! (Clamping from [x=11.120889, y=5.544445])";"30";"turtlesim1.sim";"1694973924.266209823";"/home/hotinfdensedot/ros2_ws/src/ros_tutorials/turtlesim/src/turtle.cpp:update:260"
"Oh no! I hit the wall! (Clamping from [x=11.120889, y=5.544445])";"30";"turtlesim2.sim";"1694973924.266205457";"/home/hotinfdensedot/ros2_ws/src/ros_tutorials/turtlesim/src/turtle.cpp:update:260"
"Oh no! I hit the wall! (Clamping from [x=11.120889, y=5.544445])";"30";"turtlesim1.sim";"1694973924.250645661";"/home/hotinfdensedot/ros2_ws/src/ros_tutorials/turtlesim/src/turtle.cpp:update:260"
"Oh no! I hit the wall! (Clamping from [x=11.120889, y=5.544445])";"30";"turtlesim2.sim";"1694973924.250632689";"/home/hotinfdensedot/ros2_ws/src/ros_tutorials/turtlesim/src/turtle.cpp:update:260"
"Oh no! I hit the wall! (Clamping from [x=11.120889, y=5.544445])";"30";"turtlesim3.sim";"1694973924.250077762";"/home/hotinfdensedot/ros2_ws/src/ros_tutorials/turtlesim/src/turtle.cpp:update:260"
"Oh no! I hit the wall! (Clamping from [x=11.120889, y=5.544445])";"30";"turtlesim1.sim";"1694973924.235097468";"/home/hotinfdensedot/ros2_ws/src/ros_tutorials/turtlesim/src/turtle.cpp:update:260"
"Oh no! I hit the wall! (Clamping from [x=11.120889, y=5.544445])";"30";"turtlesim2.sim";"1694973924.235084954";"/home/hotinfdensedot/ros2_ws/src/ros_tutorials/turtlesim/src/turtle.cpp:update:260"
"Oh no! I hit the wall! (Clamping from [x=11.120889, y=5.544445])";"30";"turtlesim3.sim";"1694973924.234838777";"/home/hotinfdensedot/ros2_ws/src/ros_tutorials/turtlesim/src/turtle.cpp:update:260"
"Oh no! I hit the wall! (Clamping from [x=11.120889, y=5.544445])";"30";"turtlesim1.sim";"1694973924.218544577";"/home/hotinfdensedot/ros2_ws/src/ros_tutorials/turtlesim/src/turtle.cpp:update:260"
"Oh no! I hit the wall! (Clamping from [x=11.120889, y=5.544445])";"30";"turtlesim2.sim";"1694973924.218534275";"/home/hotinfdensedot/ros2_ws/src/ros_tutorials/turtlesim/src/turtle.cpp:update:260"
"Oh no! I hit the wall! (Clamping from [x=11.120889, y=5.544445])";"30";"turtlesim3.sim";"1694973924.218556036";"/home/hotinfdensedot/ros2_ws/src/ros_tutorials/turtlesim/src/turtle.cpp:update:260"
"Oh no! I hit the wall! (Clamping from [x=11.120889, y=5.544445])";"30";"turtlesim1.sim";"1694973924.202963794";"/home/hotinfdensedot/ros2_ws/src/ros_tutorials/turtlesim/src/turtle.cpp:update:260"
"Oh no! I hit the wall! (Clamping from [x=11.120889, y=5.544445])";"30";"turtlesim2.sim";"1694973924.202950067";"/home/hotinfdensedot/ros2_ws/src/ros_tutorials/turtlesim/src/turtle.cpp:update:260"
"Oh no! I hit the wall! (Clamping from [x=11.120889, y=5.544445])";"30";"turtlesim3.sim";"1694973924.202193768";"/home/hotinfdensedot/ros2_ws/src/ros_tutorials/turtlesim/src/turtle.cpp:update:260"
"Oh no! I hit the wall! (Clamping from [x=11.120889, y=5.544445])";"30";"turtlesim3.sim";"1694973924.186870086";"/home/hotinfdensedot/ros2_ws/src/ros_tutorials/turtlesim/src/turtle.cpp:update:260"
"Oh no! I hit the wall! (Clamping from [x=11.120889, y=5.544445])";"30";"turtlesim1.sim";"1694973924.186392463";"/home/hotinfdensedot/ros2_ws/src/ros_tutorials/turtlesim/src/turtle.cpp:update:260"
"Oh no! I hit the wall! (Clamping from [x=11.120889, y=5.544445])";"30";"turtlesim2.sim";"1694973924.186381601";"/home/hotinfdensedot/ros2_ws/src/ros_tutorials/turtlesim/src/turtle.cpp:update:260"
"Oh no! I hit the wall! (Clamping from [x=11.120889, y=5.544445])";"30";"turtlesim1.sim";"1694973924.170845157";"/home/hotinfdensedot/ros2_ws/src/ros_tutorials/turtlesim/src/turtle.cpp:update:260"
"Oh no! I hit the wall! (Clamping from [x=11.120889, y=5.544445])";"30";"turtlesim2.sim";"1694973924.170835031";"/home/hotinfdensedot/ros2_ws/src/ros_tutorials/turtlesim/src/turtle.cpp:update:260"
"Oh no! I hit the wall! (Clamping from [x=11.120889, y=5.544445])";"30";"turtlesim3.sim";"1694973924.170666188";"/home/hotinfdensedot/ros2_ws/src/ros_tutorials/turtlesim/src/turtle.cpp:update:260"
"Oh no! I hit the wall! (Clamping from [x=11.120889, y=5.544445])";"30";"turtlesim3.sim";"1694973924.154449770";"/home/hotinfdensedot/ros2_ws/src/ros_tutorials/turtlesim/src/turtle.cpp:update:260"
"Oh no! I hit the wall! (Clamping from [x=11.120889, y=5.544445])";"30";"turtlesim1.sim";"1694973924.154270624";"/home/hotinfdensedot/ros2_ws/src/ros_tutorials/turtlesim/src/turtle.cpp:update:260"
"Oh no! I hit the wall! (Clamping from [x=11.120889, y=5.544445])";"30";"turtlesim2.sim";"1694973924.154269135";"/home/hotinfdensedot/ros2_ws/src/ros_tutorials/turtlesim/src/turtle.cpp:update:260"
"Oh no! I hit the wall! (Clamping from [x=11.120889, y=5.544445])";"30";"turtlesim2.sim";"1694973924.138663863";"/home/hotinfdensedot/ros2_ws/src/ros_tutorials/turtlesim/src/turtle.cpp:update:260"
"Oh no! I hit the wall! (Clamping from [x=11.120889, y=5.544445])";"30";"turtlesim1.sim";"1694973924.138645371";"/home/hotinfdensedot/ros2_ws/src/ros_tutorials/turtlesim/src/turtle.cpp:update:260"
"Oh no! I hit the wall! (Clamping from [x=11.120889, y=5.544445])";"30";"turtlesim3.sim";"1694973924.138195916";"/home/hotinfdensedot/ros2_ws/src/ros_tutorials/turtlesim/src/turtle.cpp:update:260"
"Oh no! I hit the wall! (Clamping from [x=11.120889, y=5.544445])";"30";"turtlesim3.sim";"1694973924.122883460";"/home/hotinfdensedot/ros2_ws/src/ros_tutorials/turtlesim/src/turtle.cpp:update:260"
"Oh no! I hit the wall! (Clamping from [x=11.120889, y=5.544445])";"30";"turtlesim1.sim";"1694973924.122175760";"/home/hotinfdensedot/ros2_ws/src/ros_tutorials/turtlesim/src/turtle.cpp:update:260"
"Oh no! I hit the wall! (Clamping from [x=11.120889, y=5.544445])";"30";"turtlesim2.sim";"1694973924.122163973";"/home/hotinfdensedot/ros2_ws/src/ros_tutorials/turtlesim/src/turtle.cpp:update:260"
"Oh no! I hit the wall! (Clamping from [x=11.120889, y=5.544445])";"30";"turtlesim1.sim";"1694973924.106623087";"/home/hotinfdensedot/ros2_ws/src/ros_tutorials/turtlesim/src/turtle.cpp:update:260"
"Oh no! I hit the wall! (Clamping from [x=11.120889, y=5.544445])";"30";"turtlesim2.sim";"1694973924.106611815";"/home/hotinfdensedot/ros2_ws/src/ros_tutorials/turtlesim/src/turtle.cpp:update:260"
"Oh no! I hit the wall! (Clamping from [x=11.120889, y=5.544445])";"30";"turtlesim3.sim";"1694973924.106573828";"/home/hotinfdensedot/ros2_ws/src/ros_tutorials/turtlesim/src/turtle.cpp:update:260"
"Oh no! I hit the wall! (Clamping from [x=11.120889, y=5.544445])";"30";"turtlesim1.sim";"1694973924.091060254";"/home/hotinfdensedot/ros2_ws/src/ros_tutorials/turtlesim/src/turtle.cpp:update:260"
"Oh no! I hit the wall! (Clamping from [x=11.120889, y=5.544445])";"30";"turtlesim2.sim";"1694973924.091049793";"/home/hotinfdensedot/ros2_ws/src/ros_tutorials/turtlesim/src/turtle.cpp:update:260"
"Oh no! I hit the wall! (Clamping from [x=11.120889, y=5.544445])";"30";"turtlesim3.sim";"1694973924.090282935";"/home/hotinfdensedot/ros2_ws/src/ros_tutorials/turtlesim/src/turtle.cpp:update:260"
"Oh no! I hit the wall! (Clamping from [x=11.120889, y=5.544445])";"30";"turtlesim1.sim";"1694973924.074519674";"/home/hotinfdensedot/ros2_ws/src/ros_tutorials/turtlesim/src/turtle.cpp:update:260"
"Oh no! I hit the wall! (Clamping from [x=11.120889, y=5.544445])";"30";"turtlesim2.sim";"1694973924.074508901";"/home/hotinfdensedot/ros2_ws/src/ros_tutorials/turtlesim/src/turtle.cpp:update:260"
"Oh no! I hit the wall! (Clamping from [x=11.120889, y=5.544445])";"30";"turtlesim3.sim";"1694973924.074037543";"/home/hotinfdensedot/ros2_ws/src/ros_tutorials/turtlesim/src/turtle.cpp:update:260"
"Oh no! I hit the wall! (Clamping from [x=11.120889, y=5.544445])";"30";"turtlesim1.sim";"1694973924.058970310";"/home/hotinfdensedot/ros2_ws/src/ros_tutorials/turtlesim/src/turtle.cpp:update:260"
"Oh no! I hit the wall! (Clamping from [x=11.120889, y=5.544445])";"30";"turtlesim2.sim";"1694973924.058960114";"/home/hotinfdensedot/ros2_ws/src/ros_tutorials/turtlesim/src/turtle.cpp:update:260"
"Oh no! I hit the wall! (Clamping from [x=11.120889, y=5.544445])";"30";"turtlesim3.sim";"1694973924.058797213";"/home/hotinfdensedot/ros2_ws/src/ros_tutorials/turtlesim/src/turtle.cpp:update:260"
"Oh no! I hit the wall! (Clamping from [x=11.120889, y=5.544445])";"30";"turtlesim3.sim";"1694973924.042503448";"/home/hotinfdensedot/ros2_ws/src/ros_tutorials/turtlesim/src/turtle.cpp:update:260"
"Oh no! I hit the wall! (Clamping from [x=11.120889, y=5.544445])";"30";"turtlesim1.sim";"1694973924.042442904";"/home/hotinfdensedot/ros2_ws/src/ros_tutorials/turtlesim/src/turtle.cpp:update:260"
"Oh no! I hit the wall! (Clamping from [x=11.120889, y=5.544445])";"30";"turtlesim2.sim";"1694973924.042367099";"/home/hotinfdensedot/ros2_ws/src/ros_tutorials/turtlesim/src/turtle.cpp:update:260"
"Oh no! I hit the wall! (Clamping from [x=11.120889, y=5.544445])";"30";"turtlesim1.sim";"1694973924.026879956";"/home/hotinfdensedot/ros2_ws/src/ros_tutorials/turtlesim/src/turtle.cpp:update:260"
"Oh no! I hit the wall! (Clamping from [x=11.120889, y=5.544445])";"30";"turtlesim2.sim";"1694973924.026760425";"/home/hotinfdensedot/ros2_ws/src/ros_tutorials/turtlesim/src/turtle.cpp:update:260"
"Oh no! I hit the wall! (Clamping from [x=11.120889, y=5.544445])";"30";"turtlesim3.sim";"1694973924.026217371";"/home/hotinfdensedot/ros2_ws/src/ros_tutorials/turtlesim/src/turtle.cpp:update:260"
"Oh no! I hit the wall! (Clamping from [x=11.120889, y=5.544445])";"30";"turtlesim1.sim";"1694973924.010374682";"/home/hotinfdensedot/ros2_ws/src/ros_tutorials/turtlesim/src/turtle.cpp:update:260"
"Oh no! I hit the wall! (Clamping from [x=11.120889, y=5.544445])";"30";"turtlesim2.sim";"1694973924.010191854";"/home/hotinfdensedot/ros2_ws/src/ros_tutorials/turtlesim/src/turtle.cpp:update:260"
"Oh no! I hit the wall! (Clamping from [x=11.120889, y=5.544445])";"30";"turtlesim3.sim";"1694973924.010020547";"/home/hotinfdensedot/ros2_ws/src/ros_tutorials/turtlesim/src/turtle.cpp:update:260"
"Oh no! I hit the wall! (Clamping from [x=11.120889, y=5.544445])";"30";"turtlesim1.sim";"1694973923.994867035";"/home/hotinfdensedot/ros2_ws/src/ros_tutorials/turtlesim/src/turtle.cpp:update:260"
"Oh no! I hit the wall! (Clamping from [x=11.120889, y=5.544445])";"30";"turtlesim3.sim";"1694973923.994812379";"/home/hotinfdensedot/ros2_ws/src/ros_tutorials/turtlesim/src/turtle.cpp:update:260"
"Oh no! I hit the wall! (Clamping from [x=11.120889, y=5.544445])";"30";"turtlesim2.sim";"1694973923.994609893";"/home/hotinfdensedot/ros2_ws/src/ros_tutorials/turtlesim/src/turtle.cpp:update:260"
"Oh no! I hit the wall! (Clamping from [x=11.120889, y=5.544445])";"30";"turtlesim2.sim";"1694973923.978937215";"/home/hotinfdensedot/ros2_ws/src/ros_tutorials/turtlesim/src/turtle.cpp:update:260"
"Oh no! I hit the wall! (Clamping from [x=11.120889, y=5.544445])";"30";"turtlesim3.sim";"1694973923.978579166";"/home/hotinfdensedot/ros2_ws/src/ros_tutorials/turtlesim/src/turtle.cpp:update:260"
"Oh no! I hit the wall! (Clamping from [x=11.120889, y=5.544445])";"30";"turtlesim1.sim";"1694973923.978299652";"/home/hotinfdensedot/ros2_ws/src/ros_tutorials/turtlesim/src/turtle.cpp:update:260"
"Oh no! I hit the wall! (Clamping from [x=11.120889, y=5.544445])";"30";"turtlesim1.sim";"1694973923.962716028";"/home/hotinfdensedot/ros2_ws/src/ros_tutorials/turtlesim/src/turtle.cpp:update:260"
"Oh no! I hit the wall! (Clamping from [x=11.120889, y=5.544445])";"30";"turtlesim2.sim";"1694973923.962461908";"/home/hotinfdensedot/ros2_ws/src/ros_tutorials/turtlesim/src/turtle.cpp:update:260"
"Oh no! I hit the wall! (Clamping from [x=11.120889, y=5.544445])";"30";"turtlesim3.sim";"1694973923.962341476";"/home/hotinfdensedot/ros2_ws/src/ros_tutorials/turtlesim/src/turtle.cpp:update:260"
"Oh no! I hit the wall! (Clamping from [x=11.120889, y=5.544445])";"30";"turtlesim1.sim";"1694973923.947126040";"/home/hotinfdensedot/ros2_ws/src/ros_tutorials/turtlesim/src/turtle.cpp:update:260"
"Oh no! I hit the wall! (Clamping from [x=11.120889, y=5.544445])";"30";"turtlesim2.sim";"1694973923.946998346";"/home/hotinfdensedot/ros2_ws/src/ros_tutorials/turtlesim/src/turtle.cpp:update:260"
"Oh no! I hit the wall! (Clamping from [x=11.120889, y=5.544445])";"30";"turtlesim3.sim";"1694973923.946055023";"/home/hotinfdensedot/ros2_ws/src/ros_tutorials/turtlesim/src/turtle.cpp:update:260"
"Oh no! I hit the wall! (Clamping from [x=11.120889, y=5.544445])";"30";"turtlesim3.sim";"1694973923.930682370";"/home/hotinfdensedot/ros2_ws/src/ros_tutorials/turtlesim/src/turtle.cpp:update:260"
"Oh no! I hit the wall! (Clamping from [x=11.120889, y=5.544445])";"30";"turtlesim2.sim";"1694973923.930601914";"/home/hotinfdensedot/ros2_ws/src/ros_tutorials/turtlesim/src/turtle.cpp:update:260"
"Oh no! I hit the wall! (Clamping from [x=11.120889, y=5.544445])";"30";"turtlesim1.sim";"1694973923.930545514";"/home/hotinfdensedot/ros2_ws/src/ros_tutorials/turtlesim/src/turtle.cpp:update:260"
"Oh no! I hit the wall! (Clamping from [x=11.120889, y=5.544445])";"30";"turtlesim1.sim";"1694973923.915005108";"/home/hotinfdensedot/ros2_ws/src/ros_tutorials/turtlesim/src/turtle.cpp:update:260"
"Oh no! I hit the wall! (Clamping from [x=11.120889, y=5.544445])";"30";"turtlesim3.sim";"1694973923.914332247";"/home/hotinfdensedot/ros2_ws/src/ros_tutorials/turtlesim/src/turtle.cpp:update:260"
"Oh no! I hit the wall! (Clamping from [x=11.120889, y=5.544445])";"30";"turtlesim2.sim";"1694973923.914189583";"/home/hotinfdensedot/ros2_ws/src/ros_tutorials/turtlesim/src/turtle.cpp:update:260"
"Oh no! I hit the wall! (Clamping from [x=11.120889, y=5.544445])";"30";"turtlesim2.sim";"1694973923.898702407";"/home/hotinfdensedot/ros2_ws/src/ros_tutorials/turtlesim/src/turtle.cpp:update:260"
"Oh no! I hit the wall! (Clamping from [x=11.120889, y=5.544445])";"30";"turtlesim1.sim";"1694973923.898432552";"/home/hotinfdensedot/ros2_ws/src/ros_tutorials/turtlesim/src/turtle.cpp:update:260"
"Oh no! I hit the wall! (Clamping from [x=11.120889, y=5.544445])";"30";"turtlesim3.sim";"1694973923.898102292";"/home/hotinfdensedot/ros2_ws/src/ros_tutorials/turtlesim/src/turtle.cpp:update:260"
"Oh no! I hit the wall! (Clamping from [x=11.120889, y=5.544445])";"30";"turtlesim1.sim";"1694973923.882854507";"/home/hotinfdensedot/ros2_ws/src/ros_tutorials/turtlesim/src/turtle.cpp:update:260"
"Oh no! I hit the wall! (Clamping from [x=11.120889, y=5.544445])";"30";"turtlesim2.sim";"1694973923.882176725";"/home/hotinfdensedot/ros2_ws/src/ros_tutorials/turtlesim/src/turtle.cpp:update:260"
"Oh no! I hit the wall! (Clamping from [x=11.120889, y=5.544445])";"30";"turtlesim3.sim";"1694973923.881910224";"/home/hotinfdensedot/ros2_ws/src/ros_tutorials/turtlesim/src/turtle.cpp:update:260"
"Oh no! I hit the wall! (Clamping from [x=11.120889, y=5.544445])";"30";"turtlesim2.sim";"1694973923.866782792";"/home/hotinfdensedot/ros2_ws/src/ros_tutorials/turtlesim/src/turtle.cpp:update:260"
"Oh no! I hit the wall! (Clamping from [x=11.120889, y=5.544445])";"30";"turtlesim3.sim";"1694973923.866761748";"/home/hotinfdensedot/ros2_ws/src/ros_tutorials/turtlesim/src/turtle.cpp:update:260"
"Oh no! I hit the wall! (Clamping from [x=11.120889, y=5.544445])";"30";"turtlesim1.sim";"1694973923.866274638";"/home/hotinfdensedot/ros2_ws/src/ros_tutorials/turtlesim/src/turtle.cpp:update:260"
"Oh no! I hit the wall! (Clamping from [x=11.120889, y=5.544445])";"30";"turtlesim1.sim";"1694973923.850620640";"/home/hotinfdensedot/ros2_ws/src/ros_tutorials/turtlesim/src/turtle.cpp:update:260"
"Oh no! I hit the wall! (Clamping from [x=11.120889, y=5.544445])";"30";"turtlesim3.sim";"1694973923.850609277";"/home/hotinfdensedot/ros2_ws/src/ros_tutorials/turtlesim/src/turtle.cpp:update:260"
"Oh no! I hit the wall! (Clamping from [x=11.120889, y=5.544445])";"30";"turtlesim2.sim";"1694973923.850309714";"/home/hotinfdensedot/ros2_ws/src/ros_tutorials/turtlesim/src/turtle.cpp:update:260"
"Oh no! I hit the wall! (Clamping from [x=11.120889, y=5.544445])";"30";"turtlesim1.sim";"1694973923.835049575";"/home/hotinfdensedot/ros2_ws/src/ros_tutorials/turtlesim/src/turtle.cpp:update:260"
"Oh no! I hit the wall! (Clamping from [x=11.120889, y=5.544445])";"30";"turtlesim2.sim";"1694973923.834829499";"/home/hotinfdensedot/ros2_ws/src/ros_tutorials/turtlesim/src/turtle.cpp:update:260"
"Oh no! I hit the wall! (Clamping from [x=11.120889, y=5.544445])";"30";"turtlesim3.sim";"1694973923.834417565";"/home/hotinfdensedot/ros2_ws/src/ros_tutorials/turtlesim/src/turtle.cpp:update:260"
"Oh no! I hit the wall! (Clamping from [x=11.120889, y=5.544445])";"30";"turtlesim1.sim";"1694973923.818505848";"/home/hotinfdensedot/ros2_ws/src/ros_tutorials/turtlesim/src/turtle.cpp:update:260"
"Oh no! I hit the wall! (Clamping from [x=11.120889, y=5.544445])";"30";"turtlesim2.sim";"1694973923.818318283";"/home/hotinfdensedot/ros2_ws/src/ros_tutorials/turtlesim/src/turtle.cpp:update:260"
"Oh no! I hit the wall! (Clamping from [x=11.120889, y=5.544445])";"30";"turtlesim3.sim";"1694973923.818215926";"/home/hotinfdensedot/ros2_ws/src/ros_tutorials/turtlesim/src/turtle.cpp:update:260"
"Oh no! I hit the wall! (Clamping from [x=11.120889, y=5.544445])";"30";"turtlesim1.sim";"1694973923.802929954";"/home/hotinfdensedot/ros2_ws/src/ros_tutorials/turtlesim/src/turtle.cpp:update:260"
"Oh no! I hit the wall! (Clamping from [x=11.120889, y=5.544445])";"30";"turtlesim2.sim";"1694973923.802829410";"/home/hotinfdensedot/ros2_ws/src/ros_tutorials/turtlesim/src/turtle.cpp:update:260"
"Oh no! I hit the wall! (Clamping from [x=11.120889, y=5.544445])";"30";"turtlesim3.sim";"1694973923.802046310";"/home/hotinfdensedot/ros2_ws/src/ros_tutorials/turtlesim/src/turtle.cpp:update:260"
"Oh no! I hit the wall! (Clamping from [x=11.120889, y=5.544445])";"30";"turtlesim3.sim";"1694973923.786824428";"/home/hotinfdensedot/ros2_ws/src/ros_tutorials/turtlesim/src/turtle.cpp:update:260"
"Oh no! I hit the wall! (Clamping from [x=11.120889, y=5.544445])";"30";"turtlesim1.sim";"1694973923.786445169";"/home/hotinfdensedot/ros2_ws/src/ros_tutorials/turtlesim/src/turtle.cpp:update:260"
"Oh no! I hit the wall! (Clamping from [x=11.120889, y=5.544445])";"30";"turtlesim2.sim";"1694973923.786277680";"/home/hotinfdensedot/ros2_ws/src/ros_tutorials/turtlesim/src/turtle.cpp:update:260"
"Oh no! I hit the wall! (Clamping from [x=11.120889, y=5.544445])";"30";"turtlesim1.sim";"1694973923.771028229";"/home/hotinfdensedot/ros2_ws/src/ros_tutorials/turtlesim/src/turtle.cpp:update:260"
"Oh no! I hit the wall! (Clamping from [x=11.120889, y=5.544445])";"30";"turtlesim2.sim";"1694973923.770682285";"/home/hotinfdensedot/ros2_ws/src/ros_tutorials/turtlesim/src/turtle.cpp:update:260"
"Oh no! I hit the wall! (Clamping from [x=11.120889, y=5.544445])";"30";"turtlesim3.sim";"1694973923.770650904";"/home/hotinfdensedot/ros2_ws/src/ros_tutorials/turtlesim/src/turtle.cpp:update:260"
"Oh no! I hit the wall! (Clamping from [x=11.120889, y=5.544445])";"30";"turtlesim2.sim";"1694973923.755099090";"/home/hotinfdensedot/ros2_ws/src/ros_tutorials/turtlesim/src/turtle.cpp:update:260"
"Oh no! I hit the wall! (Clamping from [x=11.120889, y=5.544445])";"30";"turtlesim1.sim";"1694973923.754700249";"/home/hotinfdensedot/ros2_ws/src/ros_tutorials/turtlesim/src/turtle.cpp:update:260"
"Oh no! I hit the wall! (Clamping from [x=11.120889, y=5.544445])";"30";"turtlesim3.sim";"1694973923.754451387";"/home/hotinfdensedot/ros2_ws/src/ros_tutorials/turtlesim/src/turtle.cpp:update:260"
"Oh no! I hit the wall! (Clamping from [x=11.120889, y=5.544445])";"30";"turtlesim2.sim";"1694973923.738569123";"/home/hotinfdensedot/ros2_ws/src/ros_tutorials/turtlesim/src/turtle.cpp:update:260"
"Oh no! I hit the wall! (Clamping from [x=11.120889, y=5.544445])";"30";"turtlesim1.sim";"1694973923.738475553";"/home/hotinfdensedot/ros2_ws/src/ros_tutorials/turtlesim/src/turtle.cpp:update:260"
"Oh no! I hit the wall! (Clamping from [x=11.120889, y=5.544445])";"30";"turtlesim3.sim";"1694973923.738256068";"/home/hotinfdensedot/ros2_ws/src/ros_tutorials/turtlesim/src/turtle.cpp:update:260"
"Oh no! I hit the wall! (Clamping from [x=11.120889, y=5.544445])";"30";"turtlesim1.sim";"1694973923.722232777";"/home/hotinfdensedot/ros2_ws/src/ros_tutorials/turtlesim/src/turtle.cpp:update:260"
"Oh no! I hit the wall! (Clamping from [x=11.120889, y=5.544445])";"30";"turtlesim2.sim";"1694973923.722213705";"/home/hotinfdensedot/ros2_ws/src/ros_tutorials/turtlesim/src/turtle.cpp:update:260"
"Oh no! I hit the wall! (Clamping from [x=11.120889, y=5.544445])";"30";"turtlesim3.sim";"1694973923.722103720";"/home/hotinfdensedot/ros2_ws/src/ros_tutorials/turtlesim/src/turtle.cpp:update:260"
"Oh no! I hit the wall! (Clamping from [x=11.120889, y=5.544445])";"30";"turtlesim2.sim";"1694973923.706863882";"/home/hotinfdensedot/ros2_ws/src/ros_tutorials/turtlesim/src/turtle.cpp:update:260"
"Oh no! I hit the wall! (Clamping from [x=11.120889, y=5.544445])";"30";"turtlesim1.sim";"1694973923.706034028";"/home/hotinfdensedot/ros2_ws/src/ros_tutorials/turtlesim/src/turtle.cpp:update:260"
"Oh no! I hit the wall! (Clamping from [x=11.120889, y=5.544445])";"30";"turtlesim3.sim";"1694973923.705921436";"/home/hotinfdensedot/ros2_ws/src/ros_tutorials/turtlesim/src/turtle.cpp:update:260"
"Oh no! I hit the wall! (Clamping from [x=11.120889, y=5.544445])";"30";"turtlesim1.sim";"1694973923.690673907";"/home/hotinfdensedot/ros2_ws/src/ros_tutorials/turtlesim/src/turtle.cpp:update:260"
"Oh no! I hit the wall! (Clamping from [x=11.120889, y=5.544445])";"30";"turtlesim3.sim";"1694973923.690639550";"/home/hotinfdensedot/ros2_ws/src/ros_tutorials/turtlesim/src/turtle.cpp:update:260"
"Oh no! I hit the wall! (Clamping from [x=11.120889, y=5.544445])";"30";"turtlesim2.sim";"1694973923.690537650";"/home/hotinfdensedot/ros2_ws/src/ros_tutorials/turtlesim/src/turtle.cpp:update:260"
"Oh no! I hit the wall! (Clamping from [x=11.120889, y=5.544445])";"30";"turtlesim2.sim";"1694973923.675001431";"/home/hotinfdensedot/ros2_ws/src/ros_tutorials/turtlesim/src/turtle.cpp:update:260"
"Oh no! I hit the wall! (Clamping from [x=11.120889, y=5.544445])";"30";"turtlesim3.sim";"1694973923.674208284";"/home/hotinfdensedot/ros2_ws/src/ros_tutorials/turtlesim/src/turtle.cpp:update:260"
"Oh no! I hit the wall! (Clamping from [x=11.120889, y=5.544445])";"30";"turtlesim1.sim";"1694973923.674155407";"/home/hotinfdensedot/ros2_ws/src/ros_tutorials/turtlesim/src/turtle.cpp:update:260"
"Oh no! I hit the wall! (Clamping from [x=11.120889, y=5.544445])";"30";"turtlesim3.sim";"1694973923.658763382";"/home/hotinfdensedot/ros2_ws/src/ros_tutorials/turtlesim/src/turtle.cpp:update:260"
"Oh no! I hit the wall! (Clamping from [x=11.120889, y=5.544445])";"30";"turtlesim1.sim";"1694973923.658685721";"/home/hotinfdensedot/ros2_ws/src/ros_tutorials/turtlesim/src/turtle.cpp:update:260"
"Oh no! I hit the wall! (Clamping from [x=11.120889, y=5.544445])";"30";"turtlesim2.sim";"1694973923.658546408";"/home/hotinfdensedot/ros2_ws/src/ros_tutorials/turtlesim/src/turtle.cpp:update:260"
"Oh no! I hit the wall! (Clamping from [x=11.120889, y=5.544445])";"30";"turtlesim2.sim";"1694973923.643005754";"/home/hotinfdensedot/ros2_ws/src/ros_tutorials/turtlesim/src/turtle.cpp:update:260"
"Oh no! I hit the wall! (Clamping from [x=11.120889, y=5.544445])";"30";"turtlesim3.sim";"1694973923.642327398";"/home/hotinfdensedot/ros2_ws/src/ros_tutorials/turtlesim/src/turtle.cpp:update:260"
"Oh no! I hit the wall! (Clamping from [x=11.120889, y=5.544445])";"30";"turtlesim1.sim";"1694973923.642218147";"/home/hotinfdensedot/ros2_ws/src/ros_tutorials/turtlesim/src/turtle.cpp:update:260"
"Oh no! I hit the wall! (Clamping from [x=11.120889, y=5.544445])";"30";"turtlesim3.sim";"1694973923.626868763";"/home/hotinfdensedot/ros2_ws/src/ros_tutorials/turtlesim/src/turtle.cpp:update:260"
"Oh no! I hit the wall! (Clamping from [x=11.120889, y=5.544445])";"30";"turtlesim1.sim";"1694973923.626742698";"/home/hotinfdensedot/ros2_ws/src/ros_tutorials/turtlesim/src/turtle.cpp:update:260"
"Oh no! I hit the wall! (Clamping from [x=11.120889, y=5.544445])";"30";"turtlesim2.sim";"1694973923.626539708";"/home/hotinfdensedot/ros2_ws/src/ros_tutorials/turtlesim/src/turtle.cpp:update:260"
"Oh no! I hit the wall! (Clamping from [x=11.120889, y=5.544445])";"30";"turtlesim3.sim";"1694973923.610394187";"/home/hotinfdensedot/ros2_ws/src/ros_tutorials/turtlesim/src/turtle.cpp:update:260"
"Oh no! I hit the wall! (Clamping from [x=11.120889, y=5.544445])";"30";"turtlesim1.sim";"1694973923.610268185";"/home/hotinfdensedot/ros2_ws/src/ros_tutorials/turtlesim/src/turtle.cpp:update:260"
"Oh no! I hit the wall! (Clamping from [x=11.120889, y=5.544445])";"30";"turtlesim2.sim";"1694973923.610132020";"/home/hotinfdensedot/ros2_ws/src/ros_tutorials/turtlesim/src/turtle.cpp:update:260"
"Oh no! I hit the wall! (Clamping from [x=11.120889, y=5.544445])";"30";"turtlesim1.sim";"1694973923.594866173";"/home/hotinfdensedot/ros2_ws/src/ros_tutorials/turtlesim/src/turtle.cpp:update:260"
"Oh no! I hit the wall! (Clamping from [x=11.120889, y=5.544445])";"30";"turtlesim2.sim";"1694973923.594702762";"/home/hotinfdensedot/ros2_ws/src/ros_tutorials/turtlesim/src/turtle.cpp:update:260"
"Oh no! I hit the wall! (Clamping from [x=11.120889, y=5.544445])";"30";"turtlesim1.sim";"1694973923.578569074";"/home/hotinfdensedot/ros2_ws/src/ros_tutorials/turtlesim/src/turtle.cpp:update:260"
"Oh no! I hit the wall! (Clamping from [x=11.120889, y=5.544445])";"30";"turtlesim3.sim";"1694973921.338546504";"/home/hotinfdensedot/ros2_ws/src/ros_tutorials/turtlesim/src/turtle.cpp:update:260"
"Oh no! I hit the wall! (Clamping from [x=11.120889, y=5.544445])";"30";"turtlesim3.sim";"1694973921.323028150";"/home/hotinfdensedot/ros2_ws/src/ros_tutorials/turtlesim/src/turtle.cpp:update:260"
"Oh no! I hit the wall! (Clamping from [x=11.120889, y=5.544445])";"30";"turtlesim2.sim";"1694973921.322384580";"/home/hotinfdensedot/ros2_ws/src/ros_tutorials/turtlesim/src/turtle.cpp:update:260"
"Oh no! I hit the wall! (Clamping from [x=11.120889, y=5.544445])";"30";"turtlesim2.sim";"1694973921.306954382";"/home/hotinfdensedot/ros2_ws/src/ros_tutorials/turtlesim/src/turtle.cpp:update:260"
"Oh no! I hit the wall! (Clamping from [x=11.120889, y=5.544445])";"30";"turtlesim1.sim";"1694973921.306819078";"/home/hotinfdensedot/ros2_ws/src/ros_tutorials/turtlesim/src/turtle.cpp:update:260"
"Oh no! I hit the wall! (Clamping from [x=11.120889, y=5.544445])";"30";"turtlesim3.sim";"1694973921.306633501";"/home/hotinfdensedot/ros2_ws/src/ros_tutorials/turtlesim/src/turtle.cpp:update:260"
"Oh no! I hit the wall! (Clamping from [x=11.120889, y=5.544445])";"30";"turtlesim3.sim";"1694973921.291121757";"/home/hotinfdensedot/ros2_ws/src/ros_tutorials/turtlesim/src/turtle.cpp:update:260"
"Oh no! I hit the wall! (Clamping from [x=11.120889, y=5.544445])";"30";"turtlesim2.sim";"1694973921.290488642";"/home/hotinfdensedot/ros2_ws/src/ros_tutorials/turtlesim/src/turtle.cpp:update:260"
"Oh no! I hit the wall! (Clamping from [x=11.120889, y=5.544445])";"30";"turtlesim1.sim";"1694973921.290346562";"/home/hotinfdensedot/ros2_ws/src/ros_tutorials/turtlesim/src/turtle.cpp:update:260"
"Oh no! I hit the wall! (Clamping from [x=11.120889, y=5.544445])";"30";"turtlesim2.sim";"1694973921.274997448";"/home/hotinfdensedot/ros2_ws/src/ros_tutorials/turtlesim/src/turtle.cpp:update:260"
"Oh no! I hit the wall! (Clamping from [x=11.120889, y=5.544445])";"30";"turtlesim1.sim";"1694973921.274839643";"/home/hotinfdensedot/ros2_ws/src/ros_tutorials/turtlesim/src/turtle.cpp:update:260"
"Oh no! I hit the wall! (Clamping from [x=11.120889, y=5.544445])";"30";"turtlesim3.sim";"1694973921.274615873";"/home/hotinfdensedot/ros2_ws/src/ros_tutorials/turtlesim/src/turtle.cpp:update:260"
"Oh no! I hit the wall! (Clamping from [x=11.120889, y=5.544445])";"30";"turtlesim2.sim";"1694973921.258593381";"/home/hotinfdensedot/ros2_ws/src/ros_tutorials/turtlesim/src/turtle.cpp:update:260"
"Oh no! I hit the wall! (Clamping from [x=11.120889, y=5.544445])";"30";"turtlesim1.sim";"1694973921.258468315";"/home/hotinfdensedot/ros2_ws/src/ros_tutorials/turtlesim/src/turtle.cpp:update:260"
"Oh no! I hit the wall! (Clamping from [x=11.120889, y=5.544445])";"30";"turtlesim3.sim";"1694973921.258165563";"/home/hotinfdensedot/ros2_ws/src/ros_tutorials/turtlesim/src/turtle.cpp:update:260"
"Oh no! I hit the wall! (Clamping from [x=11.120889, y=5.544445])";"30";"turtlesim2.sim";"1694973921.243089390";"/home/hotinfdensedot/ros2_ws/src/ros_tutorials/turtlesim/src/turtle.cpp:update:260"
"Oh no! I hit the wall! (Clamping from [x=11.120889, y=5.544445])";"30";"turtlesim3.sim";"1694973921.242705672";"/home/hotinfdensedot/ros2_ws/src/ros_tutorials/turtlesim/src/turtle.cpp:update:260"
"Oh no! I hit the wall! (Clamping from [x=11.120889, y=5.544445])";"30";"turtlesim1.sim";"1694973921.242102599";"/home/hotinfdensedot/ros2_ws/src/ros_tutorials/turtlesim/src/turtle.cpp:update:260"
"Oh no! I hit the wall! (Clamping from [x=11.120889, y=5.544445])";"30";"turtlesim1.sim";"1694973921.226683804";"/home/hotinfdensedot/ros2_ws/src/ros_tutorials/turtlesim/src/turtle.cpp:update:260"
"Oh no! I hit the wall! (Clamping from [x=11.120889, y=5.544445])";"30";"turtlesim2.sim";"1694973921.226567522";"/home/hotinfdensedot/ros2_ws/src/ros_tutorials/turtlesim/src/turtle.cpp:update:260"
"Oh no! I hit the wall! (Clamping from [x=11.120889, y=5.544445])";"30";"turtlesim3.sim";"1694973921.226256874";"/home/hotinfdensedot/ros2_ws/src/ros_tutorials/turtlesim/src/turtle.cpp:update:260"
"Oh no! I hit the wall! (Clamping from [x=11.120889, y=5.544445])";"30";"turtlesim2.sim";"1694973921.210958038";"/home/hotinfdensedot/ros2_ws/src/ros_tutorials/turtlesim/src/turtle.cpp:update:260"
"Oh no! I hit the wall! (Clamping from [x=11.120889, y=5.544445])";"30";"turtlesim3.sim";"1694973921.210802669";"/home/hotinfdensedot/ros2_ws/src/ros_tutorials/turtlesim/src/turtle.cpp:update:260"
"Oh no! I hit the wall! (Clamping from [x=11.120889, y=5.544445])";"30";"turtlesim1.sim";"1694973921.210211543";"/home/hotinfdensedot/ros2_ws/src/ros_tutorials/turtlesim/src/turtle.cpp:update:260"
"Oh no! I hit the wall! (Clamping from [x=11.120889, y=5.544445])";"30";"turtlesim1.sim";"1694973921.194721817";"/home/hotinfdensedot/ros2_ws/src/ros_tutorials/turtlesim/src/turtle.cpp:update:260"
"Oh no! I hit the wall! (Clamping from [x=11.120889, y=5.544445])";"30";"turtlesim2.sim";"1694973921.194523521";"/home/hotinfdensedot/ros2_ws/src/ros_tutorials/turtlesim/src/turtle.cpp:update:260"
"Oh no! I hit the wall! (Clamping from [x=11.120889, y=5.544445])";"30";"turtlesim3.sim";"1694973921.194359101";"/home/hotinfdensedot/ros2_ws/src/ros_tutorials/turtlesim/src/turtle.cpp:update:260"
"Oh no! I hit the wall! (Clamping from [x=11.120889, y=5.544445])";"30";"turtlesim2.sim";"1694973921.179076692";"/home/hotinfdensedot/ros2_ws/src/ros_tutorials/turtlesim/src/turtle.cpp:update:260"
"Oh no! I hit the wall! (Clamping from [x=11.120889, y=5.544445])";"30";"turtlesim3.sim";"1694973921.178903796";"/home/hotinfdensedot/ros2_ws/src/ros_tutorials/turtlesim/src/turtle.cpp:update:260"
"Oh no! I hit the wall! (Clamping from [x=11.120889, y=5.544445])";"30";"turtlesim1.sim";"1694973921.178235777";"/home/hotinfdensedot/ros2_ws/src/ros_tutorials/turtlesim/src/turtle.cpp:update:260"
"Oh no! I hit the wall! (Clamping from [x=11.120889, y=5.544445])";"30";"turtlesim1.sim";"1694973921.162749322";"/home/hotinfdensedot/ros2_ws/src/ros_tutorials/turtlesim/src/turtle.cpp:update:260"
"Oh no! I hit the wall! (Clamping from [x=11.120889, y=5.544445])";"30";"turtlesim2.sim";"1694973921.162603334";"/home/hotinfdensedot/ros2_ws/src/ros_tutorials/turtlesim/src/turtle.cpp:update:260"
"Oh no! I hit the wall! (Clamping from [x=11.120889, y=5.544445])";"30";"turtlesim3.sim";"1694973921.162436472";"/home/hotinfdensedot/ros2_ws/src/ros_tutorials/turtlesim/src/turtle.cpp:update:260"
"Oh no! I hit the wall! (Clamping from [x=11.120889, y=5.544445])";"30";"turtlesim2.sim";"1694973921.147029803";"/home/hotinfdensedot/ros2_ws/src/ros_tutorials/turtlesim/src/turtle.cpp:update:260"
"Oh no! I hit the wall! (Clamping from [x=11.120889, y=5.544445])";"30";"turtlesim3.sim";"1694973921.146966645";"/home/hotinfdensedot/ros2_ws/src/ros_tutorials/turtlesim/src/turtle.cpp:update:260"
"Oh no! I hit the wall! (Clamping from [x=11.120889, y=5.544445])";"30";"turtlesim1.sim";"1694973921.146305690";"/home/hotinfdensedot/ros2_ws/src/ros_tutorials/turtlesim/src/turtle.cpp:update:260"
"Oh no! I hit the wall! (Clamping from [x=11.120889, y=5.544445])";"30";"turtlesim1.sim";"1694973921.130977363";"/home/hotinfdensedot/ros2_ws/src/ros_tutorials/turtlesim/src/turtle.cpp:update:260"
"Oh no! I hit the wall! (Clamping from [x=11.120889, y=5.544445])";"30";"turtlesim3.sim";"1694973921.130504606";"/home/hotinfdensedot/ros2_ws/src/ros_tutorials/turtlesim/src/turtle.cpp:update:260"
"Oh no! I hit the wall! (Clamping from [x=11.120889, y=5.544445])";"30";"turtlesim2.sim";"1694973921.130490930";"/home/hotinfdensedot/ros2_ws/src/ros_tutorials/turtlesim/src/turtle.cpp:update:260"
"Oh no! I hit the wall! (Clamping from [x=11.120889, y=5.544445])";"30";"turtlesim3.sim";"1694973921.115049013";"/home/hotinfdensedot/ros2_ws/src/ros_tutorials/turtlesim/src/turtle.cpp:update:260"
"Oh no! I hit the wall! (Clamping from [x=11.120889, y=5.544445])";"30";"turtlesim2.sim";"1694973921.115019303";"/home/hotinfdensedot/ros2_ws/src/ros_tutorials/turtlesim/src/turtle.cpp:update:260"
"Oh no! I hit the wall! (Clamping from [x=11.120889, y=5.544445])";"30";"turtlesim1.sim";"1694973921.114651881";"/home/hotinfdensedot/ros2_ws/src/ros_tutorials/turtlesim/src/turtle.cpp:update:260"
"Oh no! I hit the wall! (Clamping from [x=11.112445, y=5.544445])";"30";"turtlesim3.sim";"1694973921.098997023";"/home/hotinfdensedot/ros2_ws/src/ros_tutorials/turtlesim/src/turtle.cpp:update:260"
"Oh no! I hit the wall! (Clamping from [x=11.120889, y=5.544445])";"30";"turtlesim2.sim";"1694973921.098627583";"/home/hotinfdensedot/ros2_ws/src/ros_tutorials/turtlesim/src/turtle.cpp:update:260"
"Oh no! I hit the wall! (Clamping from [x=11.120889, y=5.544445])";"30";"turtlesim1.sim";"1694973921.098272373";"/home/hotinfdensedot/ros2_ws/src/ros_tutorials/turtlesim/src/turtle.cpp:update:260"
"Oh no! I hit the wall! (Clamping from [x=11.120889, y=5.544445])";"30";"turtlesim1.sim";"1694973921.082830335";"/home/hotinfdensedot/ros2_ws/src/ros_tutorials/turtlesim/src/turtle.cpp:update:260"
"Oh no! I hit the wall! (Clamping from [x=11.112445, y=5.544445])";"30";"turtlesim2.sim";"1694973921.082575924";"/home/hotinfdensedot/ros2_ws/src/ros_tutorials/turtlesim/src/turtle.cpp:update:260"
"Oh no! I hit the wall! (Clamping from [x=11.112445, y=5.544445])";"30";"turtlesim1.sim";"1694973921.066567410";"/home/hotinfdensedot/ros2_ws/src/ros_tutorials/turtlesim/src/turtle.cpp:update:260"
"Spawning turtle [turtle1] at x=[5.544445], y=[5.544445], theta=[0.000000]";"20";"turtlesim1.sim";"1694973547.089842117";"/home/hotinfdensedot/ros2_ws/src/ros_tutorials/turtlesim/src/turtle_frame.cpp:spawnTurtle:209"
"Spawning turtle [turtle1] at x=[5.544445], y=[5.544445], theta=[0.000000]";"20";"turtlesim3.sim";"1694973547.089784750";"/home/hotinfdensedot/ros2_ws/src/ros_tutorials/turtlesim/src/turtle_frame.cpp:spawnTurtle:209"
"Spawning turtle [turtle1] at x=[5.544445], y=[5.544445], theta=[0.000000]";"20";"turtlesim2.sim";"1694973547.089682472";"/home/hotinfdensedot/ros2_ws/src/ros_tutorials/turtlesim/src/turtle_frame.cpp:spawnTurtle:209"
"Starting turtlesim with node name /turtlesim1/sim";"20";"turtlesim1.sim";"1694973547.087525919";"/home/hotinfdensedot/ros2_ws/src/ros_tutorials/turtlesim/src/turtle_frame.cpp:TurtleFrame:112"
"Starting turtlesim with node name /turtlesim3/sim";"20";"turtlesim3.sim";"1694973547.087216201";"/home/hotinfdensedot/ros2_ws/src/ros_tutorials/turtlesim/src/turtle_frame.cpp:TurtleFrame:112"
"Starting turtlesim with node name /turtlesim2/sim";"20";"turtlesim2.sim";"1694973547.087153649";"/home/hotinfdensedot/ros2_ws/src/ros_tutorials/turtlesim/src/turtle_frame.cpp:TurtleFrame:112"
